"particle_no","lon","lat","height","hour"
"00001",-87.9094,32.7014,168,1
"00002",-87.9083,32.6998,158,1
"00003",-87.9087,32.701,168,1
"00004",-87.9077,32.6991,151,1
"00005",-87.909,32.7014,166,1
"00006",-87.909,32.7013,159,1
"00007",-87.9086,32.7003,163,1
"00008",-87.9079,32.6999,162,1
"00009",-87.9073,32.6988,155,1
"00010",-87.9082,32.6995,152,1
"00011",-87.8961,32.6906,156,1
"00012",-87.8932,32.6869,137,1
"00013",-87.8959,32.6903,158,1
"00014",-87.8943,32.688,138,1
"00015",-87.8955,32.6899,149,1
"00016",-87.8938,32.6875,143,1
"00017",-87.8957,32.6895,155,1
"00018",-87.895,32.6886,149,1
"00019",-87.8976,32.6918,162,1
"00020",-87.8928,32.6867,144,1
"00021",-87.8826,32.6794,152,1
"00022",-87.8813,32.6781,141,1
"00023",-87.8828,32.6796,156,1
"00024",-87.8827,32.6799,162,1
"00025",-87.8833,32.6804,160,1
"00026",-87.882,32.6785,146,1
"00027",-87.8824,32.6789,146,1
"00028",-87.8832,32.6806,151,1
"00029",-87.8806,32.6769,134,1
"00030",-87.8833,32.6805,151,1
"00031",-87.8698,32.6694,146,1
"00032",-87.8712,32.6715,162,1
"00033",-87.8709,32.6712,151,1
"00034",-87.871,32.6709,163,1
"00035",-87.8692,32.6687,146,1
"00036",-87.8687,32.6684,130,1
"00037",-87.8701,32.6701,154,1
"00038",-87.8688,32.6685,147,1
"00039",-87.8696,32.6692,143,1
"00040",-87.8707,32.6708,151,1
"00041",-87.8574,32.6601,152,1
"00042",-87.8575,32.6604,155,1
"00043",-87.8558,32.6579,128,1
"00044",-87.8584,32.6612,166,1
"00045",-87.8589,32.6616,168,1
"00046",-87.858,32.6605,157,1
"00047",-87.8583,32.6612,164,1
"00048",-87.8575,32.6602,150,1
"00049",-87.8588,32.6615,163,1
"00050",-87.8579,32.6605,152,1
"00051",-87.8449,32.6506,144,1
"00052",-87.8449,32.6503,151,1
"00053",-87.8445,32.6496,143,1
"00054",-87.8449,32.6504,150,1
"00055",-87.845,32.6506,157,1
"00056",-87.8446,32.6501,147,1
"00057",-87.8448,32.6504,145,1
"00058",-87.8451,32.6505,156,1
"00059",-87.8454,32.6509,157,1
"00060",-87.8453,32.6509,157,1
"00061",-87.8314,32.6395,128,1
"00062",-87.8328,32.6412,160,1
"00063",-87.8324,32.6409,156,1
"00064",-87.8319,32.6404,143,1
"00065",-87.8323,32.6407,154,1
"00066",-87.8323,32.6406,146,1
"00067",-87.8327,32.6412,157,1
"00068",-87.8322,32.6405,146,1
"00069",-87.8327,32.6412,160,1
"00070",-87.8324,32.6408,156,1
"00071",-87.82,32.6314,161,1
"00072",-87.8196,32.631,151,1
"00073",-87.8198,32.631,151,1
"00074",-87.8199,32.6312,155,1
"00075",-87.8196,32.6311,148,1
"00076",-87.8199,32.6313,158,1
"00077",-87.8199,32.6312,157,1
"00078",-87.8196,32.631,146,1
"00079",-87.8198,32.6311,155,1
"00080",-87.8195,32.6309,148,1
"00081",-87.8069,32.6213,149,1
"00082",-87.807,32.6213,151,1
"00083",-87.8069,32.6213,150,1
"00084",-87.8069,32.6213,148,1
"00085",-87.807,32.6214,158,1
"00086",-87.8069,32.6212,150,1
"00087",-87.8069,32.6214,155,1
"00088",-87.807,32.6214,154,1
"00089",-87.8069,32.6214,154,1
"00090",-87.8069,32.6213,149,1
"00091",-87.7941,32.6115,152,1
"00092",-87.794,32.6115,155,1
"00093",-87.794,32.6115,152,1
"00094",-87.794,32.6115,155,1
"00095",-87.794,32.6115,151,1
"00096",-87.794,32.6115,153,1
"00097",-87.7941,32.6115,156,1
"00098",-87.7941,32.6115,152,1
"00099",-87.794,32.6115,153,1
"00100",-87.794,32.6115,152,1
"END",NA,NA,NA,1
"00001",-88.0349,32.8136,158,2
"00002",-88.032,32.8108,166,2
"00003",-88.0331,32.8123,173,2
"00004",-88.0316,32.8087,160,2
"00005",-88.0337,32.8128,162,2
"00006",-88.0305,32.8088,142,2
"00007",-88.0337,32.8117,158,2
"00008",-88.0311,32.8087,145,2
"00009",-88.0286,32.8049,152,2
"00010",-88.0302,32.8052,137,2
"00011",-88.0189,32.797,153,2
"00012",-88.0144,32.7912,152,2
"00013",-88.0215,32.8013,172,2
"00014",-88.0154,32.7912,150,2
"00015",-88.0177,32.7954,149,2
"00016",-88.0149,32.7911,143,2
"00017",-88.0194,32.7975,159,2
"00018",-88.0173,32.7937,143,2
"00019",-88.0237,32.8027,161,2
"00020",-88.0145,32.7913,157,2
"00021",-88.007,32.7877,159,2
"00022",-88.0015,32.78,139,2
"00023",-88.0072,32.7881,146,2
"00024",-88.0085,32.791,161,2
"00025",-88.0092,32.7909,163,2
"00026",-88.0052,32.7839,156,2
"00027",-88.0046,32.7825,137,2
"00028",-88.0068,32.7873,139,2
"00029",-88.0007,32.7776,141,2
"00030",-88.0088,32.7902,164,2
"00031",-87.9884,32.7681,124,2
"00032",-87.9958,32.7788,143,2
"00033",-87.9933,32.7764,147,2
"00034",-87.9956,32.779,144,2
"00035",-87.9908,32.771,147,2
"00036",-87.9874,32.7676,127,2
"00037",-87.9922,32.774,151,2
"00038",-87.9929,32.7748,155,2
"00039",-87.993,32.7738,131,2
"00040",-87.9937,32.7754,146,2
"00041",-87.9806,32.7639,140,2
"00042",-87.9826,32.7674,154,2
"00043",-87.9768,32.7579,137,2
"00044",-87.9851,32.7706,162,2
"00045",-87.9879,32.7737,177,2
"00046",-87.983,32.7671,150,2
"00047",-87.9856,32.7715,165,2
"00048",-87.9814,32.7658,159,2
"00049",-87.9864,32.771,170,2
"00050",-87.9795,32.7622,144,2
"00051",-87.9685,32.7543,154,2
"00052",-87.9694,32.7546,143,2
"00053",-87.9692,32.754,152,2
"00054",-87.9703,32.7566,163,2
"00055",-87.9705,32.7567,155,2
"00056",-87.9676,32.7534,145,2
"00057",-87.968,32.7531,138,2
"00058",-87.9711,32.7567,160,2
"00059",-87.9724,32.7586,161,2
"00060",-87.9727,32.7596,178,2
"00061",-87.9506,32.7355,122,2
"00062",-87.96,32.7489,163,2
"00063",-87.9571,32.7451,125,2
"00064",-87.9557,32.7436,146,2
"00065",-87.9586,32.7468,155,2
"00066",-87.9576,32.7451,151,2
"00067",-87.9581,32.7466,145,2
"00068",-87.9533,32.7383,125,2
"00069",-87.9598,32.749,161,2
"00070",-87.9582,32.7457,149,2
"00071",-87.9493,32.7407,182,2
"00072",-87.9463,32.7362,153,2
"00073",-87.9444,32.7329,150,2
"00074",-87.9456,32.7352,152,2
"00075",-87.9444,32.733,133,2
"00076",-87.9468,32.7374,151,2
"00077",-87.9447,32.7341,138,2
"00078",-87.9444,32.7343,155,2
"00079",-87.9471,32.7373,155,2
"00080",-87.945,32.7347,138,2
"00081",-87.933,32.7242,145,2
"00082",-87.9323,32.7235,137,2
"00083",-87.9328,32.7247,145,2
"00084",-87.9315,32.7224,145,2
"00085",-87.9349,32.7275,157,2
"00086",-87.9313,32.7211,140,2
"00087",-87.9356,32.7298,162,2
"00088",-87.9347,32.7276,150,2
"00089",-87.9337,32.7261,156,2
"00090",-87.9307,32.7213,126,2
"00091",-87.9224,32.7171,163,2
"00092",-87.9204,32.7135,139,2
"00093",-87.92,32.7143,152,2
"00094",-87.9214,32.7164,151,2
"00095",-87.92,32.7136,150,2
"00096",-87.9225,32.7172,152,2
"00097",-87.9225,32.7166,161,2
"00098",-87.9207,32.7152,149,2
"00099",-87.9214,32.7157,156,2
"00100",-87.9213,32.7152,159,2
"END",NA,NA,NA,2
"00001",-88.1538,32.9352,148,3
"00002",-88.1526,32.9358,165,3
"00003",-88.1559,32.9403,182,3
"00004",-88.1507,32.9288,145,3
"00005",-88.1531,32.9342,150,3
"00006",-88.1481,32.9281,171,3
"00007",-88.1519,32.9303,151,3
"00008",-88.1475,32.9242,143,3
"00009",-88.1444,32.9197,128,3
"00010",-88.1443,32.9149,111,3
"00011",-88.1393,32.917,154,3
"00012",-88.1308,32.9052,135,3
"00013",-88.144,32.9274,176,3
"00014",-88.1333,32.9064,149,3
"00015",-88.136,32.9126,140,3
"00016",-88.1343,32.9094,161,3
"00017",-88.1394,32.9188,161,3
"00018",-88.1353,32.908,138,3
"00019",-88.145,32.9249,173,3
"00020",-88.1332,32.9086,149,3
"00021",-88.1274,32.9086,147,3
"00022",-88.119,32.8933,129,3
"00023",-88.1243,32.9033,147,3
"00024",-88.1286,32.9115,154,3
"00025",-88.1305,32.9124,159,3
"00026",-88.1259,32.9032,160,3
"00027",-88.1206,32.8931,134,3
"00028",-88.1223,32.8967,120,3
"00029",-88.1184,32.8912,143,3
"00030",-88.1304,32.9136,175,3
"00031",-88.1001,32.8685,119,3
"00032",-88.1147,32.8952,159,3
"00033",-88.1091,32.8868,111,3
"00034",-88.1127,32.8925,134,3
"00035",-88.1114,32.8872,141,3
"00036",-88.1015,32.8732,120,3
"00037",-88.1101,32.8889,144,3
"00038",-88.1135,32.8937,154,3
"00039",-88.1073,32.8798,131,3
"00040",-88.1125,32.8913,155,3
"00041",-88.0999,32.8779,161,3
"00042",-88.103,32.885,158,3
"00043",-88.0952,32.8687,140,3
"00044",-88.1068,32.8907,166,3
"00045",-88.1119,32.8972,160,3
"00046",-88.1006,32.8795,129,3
"00047",-88.1053,32.8888,139,3
"00048",-88.102,32.8836,162,3
"00049",-88.1107,32.8944,164,3
"00050",-88.0989,32.8764,137,3
"00051",-88.0909,32.8729,156,3
"00052",-88.0877,32.8663,142,3
"00053",-88.0904,32.8703,144,3
"00054",-88.0935,32.8775,165,3
"00055",-88.0918,32.874,155,3
"00056",-88.0864,32.8658,145,3
"00057",-88.0871,32.8666,158,3
"00058",-88.0939,32.8765,163,3
"00059",-88.0954,32.8792,163,3
"00060",-88.0992,32.8852,173,3
"00061",-88.0646,32.8369,129,3
"00062",-88.0834,32.8691,162,3
"00063",-88.0726,32.8507,122,3
"00064",-88.0759,32.8573,153,3
"00065",-88.0793,32.8605,142,3
"00066",-88.0782,32.86,155,3
"00067",-88.0758,32.8583,146,3
"00068",-88.0702,32.8452,132,3
"00069",-88.0846,32.8715,181,3
"00070",-88.0786,32.8594,142,3
"00071",-88.0772,32.867,183,3
"00072",-88.0678,32.8512,156,3
"00073",-88.0664,32.8488,160,3
"00074",-88.0659,32.8477,128,3
"00075",-88.0627,32.8407,129,3
"00076",-88.067,32.8512,136,3
"00077",-88.064,32.845,134,3
"00078",-88.0644,32.8466,146,3
"00079",-88.0676,32.851,140,3
"00080",-88.0641,32.8446,131,3
"00081",-88.0556,32.8384,145,3
"00082",-88.0498,32.8304,121,3
"00083",-88.0513,32.8333,123,3
"00084",-88.0511,32.8322,127,3
"00085",-88.058,32.8441,163,3
"00086",-88.0509,32.8293,140,3
"00087",-88.0588,32.8482,165,3
"00088",-88.0554,32.84,140,3
"00089",-88.0565,32.8428,156,3
"00090",-88.0485,32.8276,122,3
"00091",-88.0456,32.833,142,3
"00092",-88.042,32.8249,160,3
"00093",-88.0425,32.8286,152,3
"00094",-88.0407,32.8258,133,3
"00095",-88.0415,32.825,138,3
"00096",-88.045,32.8302,147,3
"00097",-88.0472,32.8326,164,3
"00098",-88.0426,32.828,130,3
"00099",-88.0445,32.8307,147,3
"00100",-88.0448,32.8304,145,3
"END",NA,NA,NA,3
"00001",-88.2654,33.0627,142,4
"00002",-88.2679,33.0724,156,4
"00003",-88.2735,33.082,185,4
"00004",-88.2614,33.0525,128,4
"00005",-88.2646,33.0601,139,4
"00006",-88.2619,33.0621,157,4
"00007",-88.2638,33.0561,138,4
"00008",-88.2599,33.0522,150,4
"00009",-88.2523,33.0369,121,4
"00010",-88.2501,33.0261,101,4
"00011",-88.2539,33.0484,158,4
"00012",-88.243,33.0301,144,4
"00013",-88.2607,33.0651,170,4
"00014",-88.2485,33.0367,157,4
"00015",-88.2476,33.0365,134,4
"00016",-88.2501,33.0429,181,4
"00017",-88.2539,33.0513,160,4
"00018",-88.2452,33.0249,103,4
"00019",-88.2616,33.0608,155,4
"00020",-88.2475,33.0379,140,4
"00021",-88.2394,33.0335,134,4
"00022",-88.2302,33.0137,141,4
"00023",-88.2382,33.0322,146,4
"00024",-88.2428,33.0407,155,4
"00025",-88.2463,33.045,155,4
"00026",-88.243,33.0355,164,4
"00027",-88.2323,33.0135,137,4
"00028",-88.2282,33.0044,101,4
"00029",-88.2314,33.0154,155,4
"00030",-88.248,33.0521,172,4
"00031",-88.2119,32.9867,115,4
"00032",-88.229,33.0228,151,4
"00033",-88.2142,32.9934,95,4
"00034",-88.2235,33.0114,125,4
"00035",-88.2248,33.0083,135,4
"00036",-88.2121,32.9885,126,4
"00037",-88.2232,33.0131,142,4
"00038",-88.228,33.0212,148,4
"00039",-88.2192,32.9996,124,4
"00040",-88.2264,33.0177,139,4
"00041",-88.2174,33.0085,168,4
"00042",-88.2187,33.0132,144,4
"00043",-88.2106,32.9937,139,4
"00044",-88.2231,33.0226,139,4
"00045",-88.2277,33.0283,162,4
"00046",-88.2121,33.0001,143,4
"00047",-88.2183,33.014,143,4
"00048",-88.2182,33.0142,155,4
"00049",-88.2283,33.028,165,4
"00050",-88.2118,32.9968,145,4
"00051",-88.2078,33.0017,152,4
"00052",-88.2015,32.9872,138,4
"00053",-88.2045,32.9922,134,4
"00054",-88.2122,33.0126,181,4
"00055",-88.2084,33.0031,155,4
"00056",-88.2007,32.989,144,4
"00057",-88.2037,32.9948,171,4
"00058",-88.211,33.0073,164,4
"00059",-88.2114,33.0079,150,4
"00060",-88.2176,33.019,157,4
"00061",-88.18,32.9564,153,4
"00062",-88.2023,33.0025,186,4
"00063",-88.1818,32.9613,100,4
"00064",-88.1918,32.9821,131,4
"00065",-88.1933,32.9813,150,4
"00066",-88.1957,32.9899,168,4
"00067",-88.1876,32.9776,120,4
"00068",-88.1837,32.9632,121,4
"00069",-88.2055,33.0096,174,4
"00070",-88.1933,32.9819,136,4
"00071",-88.1981,33.0041,185,4
"00072",-88.1855,32.9799,141,4
"00073",-88.1846,32.9787,148,4
"00074",-88.1774,32.9608,115,4
"00075",-88.1774,32.9592,118,4
"00076",-88.1807,32.9728,136,4
"00077",-88.1763,32.9601,99,4
"00078",-88.18,32.9695,158,4
"00079",-88.1841,32.9766,159,4
"00080",-88.1763,32.9594,103,4
"00081",-88.1715,32.9621,147,4
"00082",-88.1593,32.9375,87,4
"00083",-88.1619,32.943,101,4
"00084",-88.1632,32.946,123,4
"00085",-88.1781,32.9765,172,4
"00086",-88.1657,32.9468,141,4
"00087",-88.178,32.98,167,4
"00088",-88.1726,32.9653,152,4
"00089",-88.1754,32.9719,152,4
"00090",-88.1612,32.9416,122,4
"00091",-88.161,32.9538,130,4
"00092",-88.1599,32.9492,152,4
"00093",-88.1587,32.9501,114,4
"00094",-88.1556,32.9444,135,4
"00095",-88.1555,32.9412,122,4
"00096",-88.161,32.9509,118,4
"00097",-88.1677,32.9623,156,4
"00098",-88.1584,32.949,132,4
"00099",-88.1597,32.9503,120,4
"00100",-88.162,32.9533,150,4
"END",NA,NA,NA,4
"00001",-88.3716,33.1998,154,5
"00002",-88.3755,33.2146,151,5
"00003",-88.3837,33.2357,179,5
"00004",-88.3659,33.1817,103,5
"00005",-88.3703,33.1951,151,5
"00006",-88.3688,33.2053,138,5
"00007",-88.3688,33.1895,139,5
"00008",-88.3679,33.1941,169,5
"00009",-88.3565,33.1644,137,5
"00010",-88.3523,33.1477,110,5
"00011",-88.3635,33.1933,154,5
"00012",-88.3498,33.1645,137,5
"00013",-88.3702,33.2109,144,5
"00014",-88.3586,33.1784,163,5
"00015",-88.3547,33.1723,150,5
"00016",-88.362,33.1944,176,5
"00017",-88.3615,33.1929,142,5
"00018",-88.3466,33.1413,88,5
"00019",-88.3708,33.2066,146,5
"00020",-88.3545,33.1737,137,5
"00021",-88.3459,33.1683,138,5
"00022",-88.3378,33.1479,136,5
"00023",-88.3447,33.1662,119,5
"00024",-88.3508,33.1804,136,5
"00025",-88.3561,33.1889,161,5
"00026",-88.3538,33.1788,164,5
"00027",-88.338,33.1403,111,5
"00028",-88.3307,33.1205,81,5
"00029",-88.342,33.1573,152,5
"00030",-88.3583,33.2005,164,5
"00031",-88.3168,33.1085,112,5
"00032",-88.3386,33.1637,155,5
"00033",-88.3125,33.1008,87,5
"00034",-88.3307,33.1425,142,5
"00035",-88.3336,33.14,126,5
"00036",-88.3185,33.1134,90,5
"00037",-88.3302,33.146,140,5
"00038",-88.3359,33.1579,119,5
"00039",-88.3279,33.132,141,5
"00040",-88.3337,33.1501,124,5
"00041",-88.3282,33.1497,143,5
"00042",-88.3271,33.1493,150,5
"00043",-88.318,33.1223,120,5
"00044",-88.3282,33.1518,127,5
"00045",-88.3379,33.1704,133,5
"00046",-88.3204,33.1318,124,5
"00047",-88.3281,33.1531,158,5
"00048",-88.3285,33.155,149,5
"00049",-88.3387,33.1699,148,5
"00050",-88.3203,33.1303,117,5
"00051",-88.3179,33.1402,158,5
"00052",-88.3105,33.1211,138,5
"00053",-88.3136,33.1217,127,5
"00054",-88.3255,33.1626,172,5
"00055",-88.318,33.1401,127,5
"00056",-88.3115,33.1261,165,5
"00057",-88.3174,33.142,179,5
"00058",-88.3229,33.153,170,5
"00059",-88.3203,33.1435,126,5
"00060",-88.3286,33.1614,143,5
"00061",-88.2934,33.0942,145,5
"00062",-88.3175,33.1536,176,5
"00063",-88.2852,33.0741,92,5
"00064",-88.301,33.113,133,5
"00065",-88.3038,33.1163,140,5
"00066",-88.3087,33.1343,171,5
"00067",-88.2943,33.1055,137,5
"00068",-88.2913,33.0878,105,5
"00069",-88.32,33.1598,194,5
"00070",-88.3019,33.1106,130,5
"00071",-88.3131,33.1567,188,5
"00072",-88.2941,33.1108,120,5
"00073",-88.2965,33.1181,146,5
"00074",-88.283,33.0789,75,5
"00075",-88.2838,33.0782,106,5
"00076",-88.2901,33.1067,144,5
"00077",-88.2806,33.0752,108,5
"00078",-88.293,33.1103,159,5
"00079",-88.2978,33.119,163,5
"00080",-88.2796,33.0711,87,5
"00081",-88.2808,33.0934,142,5
"00082",-88.2623,33.0464,86,5
"00083",-88.2657,33.0541,106,5
"00084",-88.2704,33.0668,121,5
"00085",-88.2914,33.1193,172,5
"00086",-88.2789,33.082,144,5
"00087",-88.2914,33.1225,161,5
"00088",-88.2837,33.0985,127,5
"00089",-88.2867,33.1083,149,5
"00090",-88.2702,33.0666,123,5
"00091",-88.2698,33.0806,95,5
"00092",-88.2715,33.0809,129,5
"00093",-88.2654,33.0685,114,5
"00094",-88.2671,33.0758,136,5
"00095",-88.2639,33.0652,126,5
"00096",-88.2687,33.0716,101,5
"00097",-88.2799,33.098,139,5
"00098",-88.2678,33.0775,123,5
"00099",-88.2665,33.072,115,5
"00100",-88.2743,33.0876,157,5
"END",NA,NA,NA,5
"00001",-88.4739,33.3534,126,6
"00002",-88.4764,33.368,110,6
"00003",-88.486,33.3994,168,6
"00004",-88.4634,33.3125,113,6
"00005",-88.4716,33.3459,165,6
"00006",-88.4681,33.3531,136,6
"00007",-88.4692,33.3367,124,6
"00008",-88.4714,33.3535,169,6
"00009",-88.4572,33.3093,124,6
"00010",-88.4516,33.2797,129,6
"00011",-88.466,33.3465,142,6
"00012",-88.4515,33.3099,119,6
"00013",-88.4711,33.3592,165,6
"00014",-88.4625,33.3348,153,6
"00015",-88.4577,33.3226,167,6
"00016",-88.4668,33.3567,157,6
"00017",-88.4615,33.3416,111,6
"00018",-88.442,33.2633,89,6
"00019",-88.4715,33.3572,121,6
"00020",-88.4552,33.3186,148,6
"00021",-88.4484,33.3137,144,6
"00022",-88.4408,33.2928,137,6
"00023",-88.4439,33.3032,119,6
"00024",-88.4521,33.3264,174,6
"00025",-88.4595,33.3446,133,6
"00026",-88.4572,33.3356,156,6
"00027",-88.4374,33.272,85,6
"00028",-88.4258,33.2358,106,6
"00029",-88.4464,33.3083,119,6
"00030",-88.4611,33.3581,176,6
"00031",-88.4172,33.2404,112,6
"00032",-88.443,33.3158,156,6
"00033",-88.4094,33.2188,87,6
"00034",-88.4339,33.2886,149,6
"00035",-88.4363,33.2787,92,6
"00036",-88.4163,33.2332,121,6
"00037",-88.4331,33.2928,116,6
"00038",-88.4354,33.2963,79,6
"00039",-88.4324,33.2776,89,6
"00040",-88.4344,33.2886,138,6
"00041",-88.4312,33.2973,174,6
"00042",-88.432,33.2992,141,6
"00043",-88.4204,33.259,94,6
"00044",-88.4283,33.2913,132,6
"00045",-88.4399,33.3139,110,6
"00046",-88.4222,33.2692,82,6
"00047",-88.4326,33.3056,132,6
"00048",-88.4318,33.305,184,6
"00049",-88.4418,33.3191,93,6
"00050",-88.4208,33.2656,132,6
"00051",-88.4224,33.2923,136,6
"00052",-88.4139,33.2649,125,6
"00053",-88.4168,33.2599,137,6
"00054",-88.4308,33.3215,162,6
"00055",-88.4192,33.2791,126,6
"00056",-88.4182,33.2811,147,6
"00057",-88.4246,33.3024,129,6
"00058",-88.4284,33.3111,151,6
"00059",-88.4218,33.2828,138,6
"00060",-88.4311,33.3082,141,6
"00061",-88.3993,33.2396,149,6
"00062",-88.4249,33.3136,177,6
"00063",-88.3856,33.1932,101,6
"00064",-88.4046,33.2542,135,6
"00065",-88.4077,33.2611,102,6
"00066",-88.4156,33.2915,157,6
"00067",-88.3987,33.248,119,6
"00068",-88.3921,33.2155,76,6
"00069",-88.4283,33.3266,193,6
"00070",-88.4064,33.249,63,6
"00071",-88.4205,33.3211,179,6
"00072",-88.3963,33.2454,86,6
"00073",-88.4016,33.2655,109,6
"00074",-88.3792,33.1897,63,6
"00075",-88.3847,33.2046,94,6
"00076",-88.3943,33.2534,129,6
"00077",-88.3821,33.2027,99,6
"00078",-88.4005,33.2615,151,6
"00079",-88.4058,33.2738,161,6
"00080",-88.378,33.1875,89,6
"00081",-88.3851,33.2373,153,6
"00082",-88.3619,33.1611,133,6
"00083",-88.3681,33.1791,109,6
"00084",-88.3739,33.1995,122,6
"00085",-88.3992,33.2764,172,6
"00086",-88.3851,33.226,158,6
"00087",-88.3983,33.2749,149,6
"00088",-88.387,33.2357,179,6
"00089",-88.3923,33.256,155,6
"00090",-88.3749,33.2009,98,6
"00091",-88.3697,33.2028,83,6
"00092",-88.3769,33.2189,137,6
"00093",-88.3685,33.1982,142,6
"00094",-88.3725,33.2158,151,6
"00095",-88.3682,33.2014,72,6
"00096",-88.3708,33.1959,89,6
"00097",-88.3851,33.2411,148,6
"00098",-88.3713,33.2128,123,6
"00099",-88.3691,33.2037,109,6
"00100",-88.3817,33.2372,148,6
"END",NA,NA,NA,6
"00001",-88.5656,33.5053,117,7
"00002",-88.5656,33.5132,101,7
"00003",-88.5775,33.5685,167,7
"00004",-88.5558,33.4554,83,7
"00005",-88.5665,33.5113,170,7
"00006",-88.5597,33.508,124,7
"00007",-88.5602,33.4867,101,7
"00008",-88.5652,33.5211,162,7
"00009",-88.5485,33.4578,103,7
"00010",-88.5462,33.4285,146,7
"00011",-88.5588,33.5042,125,7
"00012",-88.5435,33.4565,111,7
"00013",-88.5652,33.5248,157,7
"00014",-88.5567,33.4962,135,7
"00015",-88.553,33.4884,164,7
"00016",-88.5601,33.5206,131,7
"00017",-88.5507,33.4856,129,7
"00018",-88.5322,33.393,62,7
"00019",-88.5613,33.5058,114,7
"00020",-88.549,33.4766,105,7
"00021",-88.5427,33.4698,119,7
"00022",-88.5357,33.4464,129,7
"00023",-88.537,33.4482,118,7
"00024",-88.5479,33.4961,169,7
"00025",-88.5517,33.4976,137,7
"00026",-88.5509,33.4972,118,7
"00027",-88.5273,33.3987,77,7
"00028",-88.5204,33.3718,94,7
"00029",-88.538,33.4552,122,7
"00030",-88.5564,33.5286,169,7
"00031",-88.5116,33.3803,95,7
"00032",-88.5387,33.4772,139,7
"00033",-88.5008,33.3448,89,7
"00034",-88.5302,33.4471,58,7
"00035",-88.5292,33.4094,95,7
"00036",-88.512,33.3761,89,7
"00037",-88.5251,33.4378,99,7
"00038",-88.523,33.4225,50,7
"00039",-88.5237,33.4075,70,7
"00040",-88.5291,33.4416,138,7
"00041",-88.529,33.4656,165,7
"00042",-88.5277,33.4539,130,7
"00043",-88.513,33.3905,76,7
"00044",-88.5228,33.4413,107,7
"00045",-88.5315,33.4556,78,7
"00046",-88.5118,33.3942,29,7
"00047",-88.5258,33.4573,115,7
"00048",-88.5295,33.4763,185,7
"00049",-88.5317,33.4517,135,7
"00050",-88.5161,33.4162,158,7
"00051",-88.5165,33.4441,123,7
"00052",-88.5084,33.4118,117,7
"00053",-88.5142,33.411,115,7
"00054",-88.5258,33.4853,156,7
"00055",-88.5132,33.4262,122,7
"00056",-88.5143,33.4374,154,7
"00057",-88.5184,33.4514,106,7
"00058",-88.5236,33.4714,147,7
"00059",-88.5175,33.4354,148,7
"00060",-88.5259,33.4627,118,7
"00061",-88.4973,33.3946,123,7
"00062",-88.5223,33.4829,155,7
"00063",-88.4811,33.3253,130,7
"00064",-88.5006,33.4051,134,7
"00065",-88.5004,33.3976,119,7
"00066",-88.512,33.4527,149,7
"00067",-88.4942,33.3926,114,7
"00068",-88.484,33.3356,16,7
"00069",-88.5257,33.5019,183,7
"00070",-88.494,33.3647,44,7
"00071",-88.5172,33.4913,166,7
"00072",-88.488,33.3711,81,7
"00073",-88.4955,33.4056,69,7
"00074",-88.4682,33.3044,99,7
"00075",-88.4793,33.3326,126,7
"00076",-88.4889,33.4016,117,7
"00077",-88.477,33.3331,74,7
"00078",-88.4975,33.4188,112,7
"00079",-88.5041,33.4364,158,7
"00080",-88.4721,33.3118,85,7
"00081",-88.483,33.3949,151,7
"00082",-88.4621,33.307,130,7
"00083",-88.4649,33.3142,38,7
"00084",-88.4704,33.3407,156,7
"00085",-88.4977,33.4418,172,7
"00086",-88.4854,33.3844,153,7
"00087",-88.4951,33.4313,129,7
"00088",-88.4879,33.4023,187,7
"00089",-88.4904,33.4147,144,7
"00090",-88.4696,33.3308,108,7
"00091",-88.462,33.3257,88,7
"00092",-88.4758,33.369,82,7
"00093",-88.4689,33.3491,88,7
"00094",-88.4715,33.3703,122,7
"00095",-88.4587,33.32,11,7
"00096",-88.466,33.3208,76,7
"00097",-88.4827,33.3961,120,7
"00098",-88.4675,33.3559,149,7
"00099",-88.4648,33.3401,126,7
"00100",-88.48,33.3912,111,7
"END",NA,NA,NA,7
"00001",-88.6475,33.6576,118,8
"00002",-88.6455,33.6598,80,8
"00003",-88.6562,33.7422,162,8
"00004",-88.6364,33.5898,68,8
"00005",-88.6495,33.6833,166,8
"00006",-88.6402,33.664,102,8
"00007",-88.6391,33.6317,91,8
"00008",-88.6472,33.6914,144,8
"00009",-88.6297,33.602,136,8
"00010",-88.6314,33.5886,143,8
"00011",-88.6398,33.6599,142,8
"00012",-88.6254,33.6053,122,8
"00013",-88.6463,33.6929,148,8
"00014",-88.6394,33.6553,96,8
"00015",-88.637,33.6588,135,8
"00016",-88.6411,33.6795,143,8
"00017",-88.6319,33.6421,148,8
"00018",-88.6108,33.516,107,8
"00019",-88.6415,33.6579,147,8
"00020",-88.6291,33.6224,110,8
"00021",-88.6252,33.6214,127,8
"00022",-88.6188,33.6019,113,8
"00023",-88.6207,33.5985,109,8
"00024",-88.6317,33.6686,148,8
"00025",-88.6334,33.6578,143,8
"00026",-88.6319,33.6492,108,8
"00027",-88.6085,33.528,89,8
"00028",-88.6053,33.5078,91,8
"00029",-88.621,33.6076,126,8
"00030",-88.6389,33.7018,177,8
"00031",-88.5955,33.5163,84,8
"00032",-88.6221,33.637,142,8
"00033",-88.5853,33.4764,90,8
"00034",-88.6063,33.5725,74,8
"00035",-88.6147,33.5471,87,8
"00036",-88.5965,33.5081,94,8
"00037",-88.6069,33.5789,134,8
"00038",-88.5977,33.5443,39,8
"00039",-88.6055,33.5341,77,8
"00040",-88.613,33.5998,95,8
"00041",-88.6139,33.6356,147,8
"00042",-88.6121,33.6098,131,8
"00043",-88.5957,33.519,45,8
"00044",-88.6058,33.5855,53,8
"00045",-88.6104,33.5864,67,8
"00046",-88.581,33.5059,33,8
"00047",-88.6075,33.6077,87,8
"00048",-88.6148,33.6524,150,8
"00049",-88.616,33.6082,69,8
"00050",-88.6028,33.5816,167,8
"00051",-88.6002,33.5946,124,8
"00052",-88.593,33.5591,137,8
"00053",-88.6,33.5579,105,8
"00054",-88.6085,33.6513,95,8
"00055",-88.5969,33.5766,109,8
"00056",-88.6,33.6018,132,8
"00057",-88.6001,33.5946,151,8
"00058",-88.6083,33.6345,130,8
"00059",-88.6028,33.5967,114,8
"00060",-88.6087,33.6129,132,8
"00061",-88.5824,33.5445,119,8
"00062",-88.6067,33.6491,147,8
"00063",-88.5706,33.4753,109,8
"00064",-88.5865,33.5601,135,8
"00065",-88.5862,33.5464,156,8
"00066",-88.5963,33.6155,136,8
"00067",-88.5798,33.54,138,8
"00068",-88.5495,33.4375,4,8
"00069",-88.6096,33.678,153,8
"00070",-88.5695,33.4792,55,8
"00071",-88.6011,33.6615,153,8
"00072",-88.5717,33.4994,68,8
"00073",-88.5768,33.5332,51,8
"00074",-88.5551,33.4395,105,8
"00075",-88.5688,33.4808,129,8
"00076",-88.5738,33.5493,58,8
"00077",-88.5621,33.4569,52,8
"00078",-88.5808,33.5653,86,8
"00079",-88.5905,33.6022,155,8
"00080",-88.5585,33.44,57,8
"00081",-88.5705,33.5566,144,8
"00082",-88.5512,33.4563,110,8
"00083",-88.5406,33.4254,58,8
"00084",-88.5601,33.5012,162,8
"00085",-88.584,33.6118,157,8
"00086",-88.5737,33.5461,128,8
"00087",-88.5804,33.5846,108,8
"00088",-88.5763,33.5762,184,8
"00089",-88.5768,33.5741,88,8
"00090",-88.5567,33.4703,101,8
"00091",-88.5472,33.4554,60,8
"00092",-88.5601,33.4998,40,8
"00093",-88.5537,33.4804,101,8
"00094",-88.5578,33.519,122,8
"00095",-88.5217,33.417,1,8
"00096",-88.5532,33.4446,77,8
"00097",-88.5691,33.5449,100,8
"00098",-88.5559,33.5146,158,8
"00099",-88.5532,33.4894,141,8
"00100",-88.5657,33.5345,62,8
"END",NA,NA,NA,8
"00001",-88.7197,33.8153,148,9
"00002",-88.7161,33.8017,62,9
"00003",-88.723,33.9187,178,9
"00004",-88.705,33.7225,45,9
"00005",-88.7203,33.858,156,9
"00006",-88.7092,33.8154,118,9
"00007",-88.7089,33.7771,109,9
"00008",-88.7171,33.8599,118,9
"00009",-88.7025,33.7645,85,9
"00010",-88.7049,33.7513,139,9
"00011",-88.7103,33.826,129,9
"00012",-88.6988,33.7634,110,9
"00013",-88.7158,33.8632,147,9
"00014",-88.7105,33.8044,96,9
"00015",-88.7073,33.8239,80,9
"00016",-88.7117,33.8479,141,9
"00017",-88.7023,33.8103,185,9
"00018",-88.687,33.6615,126,9
"00019",-88.7117,33.8265,125,9
"00020",-88.6991,33.7759,125,9
"00021",-88.6977,33.7807,99,9
"00022",-88.6913,33.7555,116,9
"00023",-88.6934,33.7498,62,9
"00024",-88.7023,33.8381,149,9
"00025",-88.7039,33.8241,128,9
"00026",-88.7033,33.8028,126,9
"00027",-88.6822,33.6685,110,9
"00028",-88.6821,33.6466,105,9
"00029",-88.6946,33.7662,106,9
"00030",-88.7092,33.8814,169,9
"00031",-88.6698,33.6522,86,9
"00032",-88.6956,33.8027,168,9
"00033",-88.6627,33.6142,59,9
"00034",-88.6787,33.7082,75,9
"00035",-88.6899,33.6867,78,9
"00036",-88.6738,33.6477,95,9
"00037",-88.6815,33.74,98,9
"00038",-88.6607,33.6664,37,9
"00039",-88.6817,33.668,88,9
"00040",-88.6846,33.7458,91,9
"00041",-88.6861,33.804,129,9
"00042",-88.6859,33.7712,126,9
"00043",-88.6633,33.6427,58,9
"00044",-88.6707,33.7145,26,9
"00045",-88.6799,33.7187,59,9
"00046",-88.6437,33.6228,34,9
"00047",-88.6783,33.7525,65,9
"00048",-88.6867,33.8216,132,9
"00049",-88.685,33.7425,91,9
"00050",-88.6773,33.7543,145,9
"00051",-88.674,33.7513,150,9
"00052",-88.6683,33.7186,143,9
"00053",-88.6764,33.7068,117,9
"00054",-88.6775,33.7989,133,9
"00055",-88.6701,33.7263,99,9
"00056",-88.6739,33.7624,110,9
"00057",-88.6741,33.7603,170,9
"00058",-88.6818,33.7966,97,9
"00059",-88.6754,33.7499,119,9
"00060",-88.6816,33.7738,109,9
"00061",-88.6583,33.6974,138,9
"00062",-88.6788,33.8178,110,9
"00063",-88.649,33.622,114,9
"00064",-88.6622,33.7209,135,9
"00065",-88.6625,33.714,149,9
"00066",-88.6692,33.7788,132,9
"00067",-88.6561,33.7009,126,9
"00068",-88.6047,33.5387,39,9
"00069",-88.6808,33.8488,149,9
"00070",-88.6417,33.6022,92,9
"00071",-88.6716,33.8317,124,9
"00072",-88.6447,33.628,90,9
"00073",-88.6459,33.6607,38,9
"00074",-88.6349,33.582,111,9
"00075",-88.6478,33.6365,135,9
"00076",-88.6426,33.6776,17,9
"00077",-88.6335,33.5788,76,9
"00078",-88.654,33.7053,78,9
"00079",-88.6648,33.7716,134,9
"00080",-88.633,33.5625,59,9
"00081",-88.6459,33.7199,153,9
"00082",-88.6296,33.6024,111,9
"00083",-88.616,33.5471,80,9
"00084",-88.639,33.6681,144,9
"00085",-88.6581,33.781,108,9
"00086",-88.6494,33.7038,118,9
"00087",-88.6547,33.7347,64,9
"00088",-88.6524,33.7533,192,9
"00089",-88.6502,33.714,62,9
"00090",-88.6343,33.6121,79,9
"00091",-88.62,33.5797,63,9
"00092",-88.6253,33.6203,40,9
"00093",-88.6303,33.6224,91,9
"00094",-88.6349,33.6717,92,9
"00095",-88.5787,33.5182,1,9
"00096",-88.6332,33.5739,79,9
"00097",-88.6443,33.6903,106,9
"00098",-88.6335,33.6818,94,9
"00099",-88.6325,33.649,155,9
"00100",-88.6368,33.6631,86,9
"END",NA,NA,NA,9
"00001",-88.7807,33.9881,160,10
"00002",-88.7728,33.9428,86,10
"00003",-88.7773,34.1031,169,10
"00004",-88.7578,33.8537,45,10
"00005",-88.7781,34.0342,141,10
"00006",-88.7675,33.9777,117,10
"00007",-88.7706,33.9358,79,10
"00008",-88.7751,34.023,95,10
"00009",-88.7634,33.9119,118,10
"00010",-88.7664,33.9176,117,10
"00011",-88.7697,33.9933,133,10
"00012",-88.7614,33.9217,102,10
"00013",-88.7735,34.0371,147,10
"00014",-88.7712,33.9584,114,10
"00015",-88.7666,33.9729,43,10
"00016",-88.7703,34.0198,119,10
"00017",-88.7617,33.9935,181,10
"00018",-88.7536,33.82,135,10
"00019",-88.771,33.9917,97,10
"00020",-88.7594,33.9397,134,10
"00021",-88.7589,33.9342,78,10
"00022",-88.7534,33.9154,119,10
"00023",-88.7519,33.889,57,10
"00024",-88.7617,34.0122,145,10
"00025",-88.7631,33.9897,132,10
"00026",-88.7642,33.9683,139,10
"00027",-88.7469,33.8236,99,10
"00028",-88.7496,33.7963,110,10
"00029",-88.7565,33.9217,104,10
"00030",-88.7665,34.0626,160,10
"00031",-88.7366,33.7946,76,10
"00032",-88.7566,33.9806,145,10
"00033",-88.7271,33.7453,99,10
"00034",-88.7424,33.8494,63,10
"00035",-88.756,33.8264,43,10
"00036",-88.7433,33.7937,100,10
"00037",-88.7449,33.8911,100,10
"00038",-88.7155,33.7918,44,10
"00039",-88.7498,33.8117,95,10
"00040",-88.7466,33.8958,76,10
"00041",-88.7475,33.9705,148,10
"00042",-88.7491,33.9348,110,10
"00043",-88.7276,33.775,38,10
"00044",-88.7174,33.8378,5,10
"00045",-88.7397,33.8543,80,10
"00046",-88.6974,33.7454,64,10
"00047",-88.7368,33.8948,59,10
"00048",-88.7459,33.9892,118,10
"00049",-88.7476,33.8915,98,10
"00050",-88.7381,33.9253,141,10
"00051",-88.7374,33.9217,168,10
"00052",-88.7323,33.8855,126,10
"00053",-88.7432,33.8658,133,10
"00054",-88.7363,33.9665,141,10
"00055",-88.7338,33.8768,109,10
"00056",-88.7375,33.921,109,10
"00057",-88.7361,33.9369,152,10
"00058",-88.7443,33.9509,87,10
"00059",-88.7374,33.9103,105,10
"00060",-88.7433,33.9308,100,10
"00061",-88.7244,33.8619,133,10
"00062",-88.7394,33.978,54,10
"00063",-88.718,33.7759,111,10
"00064",-88.727,33.8866,127,10
"00065",-88.7272,33.8832,145,10
"00066",-88.732,33.9457,92,10
"00067",-88.7209,33.8619,100,10
"00068",-88.6655,33.6574,77,10
"00069",-88.7404,34.0231,126,10
"00070",-88.7113,33.7448,87,10
"00071",-88.7312,33.9978,125,10
"00072",-88.7112,33.7699,105,10
"00073",-88.7025,33.7879,62,10
"00074",-88.7052,33.7325,107,10
"00075",-88.7148,33.7995,123,10
"00076",-88.6866,33.7952,1,10
"00077",-88.7028,33.7114,53,10
"00078",-88.7176,33.8469,60,10
"00079",-88.7272,33.9382,115,10
"00080",-88.6993,33.6899,90,10
"00081",-88.7104,33.8911,136,10
"00082",-88.6998,33.7525,132,10
"00083",-88.6881,33.6811,64,10
"00084",-88.7057,33.8335,156,10
"00085",-88.7183,33.9377,86,10
"00086",-88.7145,33.8613,78,10
"00087",-88.7148,33.8733,41,10
"00088",-88.7159,33.9365,193,10
"00089",-88.7097,33.849,43,10
"00090",-88.702,33.7471,85,10
"00091",-88.686,33.7103,57,10
"00092",-88.6825,33.7447,54,10
"00093",-88.6976,33.7655,98,10
"00094",-88.702,33.8174,51,10
"00095",-88.6284,33.6221,14,10
"00096",-88.7056,33.7087,30,10
"00097",-88.7104,33.8423,100,10
"00098",-88.6988,33.8291,64,10
"00099",-88.7001,33.8176,130,10
"00100",-88.7043,33.8059,83,10
"END",NA,NA,NA,10
"00001",-88.8296,34.1679,152,11
"00002",-88.8251,34.0973,9,11
"00003",-88.819,34.2883,147,11
"00004",-88.8015,33.9902,53,11
"00005",-88.8237,34.2098,152,11
"00006",-88.8161,34.1451,110,11
"00007",-88.8215,34.0874,84,11
"00008",-88.8224,34.183,57,11
"00009",-88.8141,34.0764,79,11
"00010",-88.8169,34.081,66,11
"00011",-88.8173,34.1659,76,11
"00012",-88.8141,34.082,128,11
"00013",-88.819,34.215,137,11
"00014",-88.8215,34.1236,118,11
"00015",-88.8047,34.1145,21,11
"00016",-88.8174,34.1881,97,11
"00017",-88.8082,34.1797,178,11
"00018",-88.8093,33.9866,129,11
"00019",-88.8195,34.1527,98,11
"00020",-88.8092,34.1098,128,11
"00021",-88.8093,34.0842,74,11
"00022",-88.8041,34.0807,64,11
"00023",-88.7989,34.031,50,11
"00024",-88.8089,34.1892,124,11
"00025",-88.8111,34.1601,128,11
"00026",-88.8134,34.143,155,11
"00027",-88.8017,33.9786,113,11
"00028",-88.8078,33.9535,81,11
"00029",-88.808,34.0812,77,11
"00030",-88.8109,34.2449,168,11
"00031",-88.7929,33.9373,88,11
"00032",-88.8056,34.1563,107,11
"00033",-88.7879,33.8964,89,11
"00034",-88.7933,33.9924,54,11
"00035",-88.8029,33.9616,59,11
"00036",-88.8022,33.9468,89,11
"00037",-88.7978,34.0491,57,11
"00038",-88.7639,33.9254,29,11
"00039",-88.8086,33.9632,99,11
"00040",-88.7986,34.044,69,11
"00041",-88.7967,34.1466,141,11
"00042",-88.8014,34.097,117,11
"00043",-88.7753,33.9048,25,11
"00044",-88.7457,33.9566,22,11
"00045",-88.7961,34.0013,54,11
"00046",-88.7516,33.8832,74,11
"00047",-88.7844,34.0401,44,11
"00048",-88.7939,34.1565,115,11
"00049",-88.8006,34.0474,75,11
"00050",-88.7876,34.0997,148,11
"00051",-88.7889,34.1016,156,11
"00052",-88.7858,34.052,165,11
"00053",-88.7984,34.0345,138,11
"00054",-88.7841,34.1405,110,11
"00055",-88.7872,34.037,111,11
"00056",-88.7911,34.0833,107,11
"00057",-88.7861,34.1132,165,11
"00058",-88.7957,34.1068,53,11
"00059",-88.7886,34.0711,97,11
"00060",-88.7947,34.0889,56,11
"00061",-88.779,34.0289,108,11
"00062",-88.7831,34.1243,3,11
"00063",-88.7758,33.9336,126,11
"00064",-88.78,34.0536,137,11
"00065",-88.7801,34.0561,137,11
"00066",-88.7841,34.1034,151,11
"00067",-88.7754,34.0183,88,11
"00068",-88.7299,33.7943,75,11
"00069",-88.7872,34.1946,119,11
"00070",-88.7719,33.8902,69,11
"00071",-88.781,34.1676,114,11
"00072",-88.7678,33.9242,103,11
"00073",-88.758,33.9273,42,11
"00074",-88.7641,33.886,88,11
"00075",-88.7709,33.9615,124,11
"00076",-88.7173,33.9117,38,11
"00077",-88.757,33.8409,86,11
"00078",-88.7669,33.9884,34,11
"00079",-88.7782,34.1029,98,11
"00080",-88.762,33.8352,100,11
"00081",-88.7638,34.0614,134,11
"00082",-88.7602,33.9156,137,11
"00083",-88.7477,33.8155,65,11
"00084",-88.7602,34.0073,159,11
"00085",-88.7686,34.0917,103,11
"00086",-88.7693,34.0079,85,11
"00087",-88.7581,34.0106,37,11
"00088",-88.7666,34.1235,180,11
"00089",-88.7535,33.9835,51,11
"00090",-88.7619,33.8903,87,11
"00091",-88.7421,33.8436,33,11
"00092",-88.7357,33.8783,37,11
"00093",-88.7543,33.9161,83,11
"00094",-88.7511,33.953,42,11
"00095",-88.6704,33.7313,12,11
"00096",-88.7523,33.8319,32,11
"00097",-88.7652,33.9981,44,11
"00098",-88.7498,33.9701,97,11
"00099",-88.7567,33.9813,104,11
"00100",-88.7617,33.9517,121,11
"END",NA,NA,NA,11
"00001",-88.8657,34.3495,155,12
"00002",-88.8339,34.2268,8,12
"00003",-88.8485,34.4725,142,12
"00004",-88.8374,34.1336,69,12
"00005",-88.8565,34.3929,138,12
"00006",-88.8529,34.3147,112,12
"00007",-88.8621,34.2467,96,12
"00008",-88.8534,34.3359,74,12
"00009",-88.8549,34.2326,74,12
"00010",-88.8533,34.2325,64,12
"00011",-88.855,34.3249,34,12
"00012",-88.8542,34.2542,87,12
"00013",-88.8521,34.3941,161,12
"00014",-88.8608,34.2945,113,12
"00015",-88.8199,34.2505,24,12
"00016",-88.8531,34.3537,93,12
"00017",-88.8407,34.3678,183,12
"00018",-88.8539,34.1555,115,12
"00019",-88.8569,34.3185,120,12
"00020",-88.8474,34.2826,140,12
"00021",-88.849,34.2383,107,12
"00022",-88.8397,34.2318,28,12
"00023",-88.8336,34.1752,96,12
"00024",-88.8447,34.3636,115,12
"00025",-88.8472,34.335,137,12
"00026",-88.8506,34.3249,149,12
"00027",-88.8459,34.1437,86,12
"00028",-88.8545,34.1037,63,12
"00029",-88.8497,34.236,45,12
"00030",-88.8423,34.4329,118,12
"00031",-88.8399,34.0911,6,12
"00032",-88.8435,34.3259,69,12
"00033",-88.8376,34.0478,65,12
"00034",-88.8315,34.1381,40,12
"00035",-88.8455,34.1067,35,12
"00036",-88.8507,34.1014,86,12
"00037",-88.8346,34.1982,73,12
"00038",-88.7948,34.0568,27,12
"00039",-88.8554,34.1213,114,12
"00040",-88.8378,34.195,16,12
"00041",-88.8336,34.3248,134,12
"00042",-88.8406,34.2664,112,12
"00043",-88.8065,34.0334,48,12
"00044",-88.7715,34.0859,56,12
"00045",-88.8341,34.1452,48,12
"00046",-88.8006,34.0296,55,12
"00047",-88.8164,34.1852,76,12
"00048",-88.8307,34.3269,118,12
"00049",-88.8425,34.1997,68,12
"00050",-88.8255,34.2797,117,12
"00051",-88.8268,34.2822,113,12
"00052",-88.8267,34.234,148,12
"00053",-88.8412,34.209,152,12
"00054",-88.8203,34.31,142,12
"00055",-88.8295,34.2022,100,12
"00056",-88.8328,34.2492,94,12
"00057",-88.8238,34.2967,177,12
"00058",-88.8286,34.2575,64,12
"00059",-88.8276,34.2336,124,12
"00060",-88.8275,34.2381,82,12
"00061",-88.8223,34.1929,98,12
"00062",-88.7911,34.256,6,12
"00063",-88.8224,34.1008,125,12
"00064",-88.8201,34.2278,118,12
"00065",-88.8218,34.2307,127,12
"00066",-88.8239,34.2841,128,12
"00067",-88.8192,34.1743,68,12
"00068",-88.7842,33.9349,34,12
"00069",-88.8233,34.3678,88,12
"00070",-88.8191,34.0356,97,12
"00071",-88.8188,34.3382,117,12
"00072",-88.8149,34.0821,99,12
"00073",-88.7964,34.064,30,12
"00074",-88.8146,34.0363,67,12
"00075",-88.8161,34.1284,113,12
"00076",-88.752,34.0449,47,12
"00077",-88.8091,33.9869,112,12
"00078",-88.794,34.1256,36,12
"00079",-88.8184,34.2661,105,12
"00080",-88.8143,33.9885,116,12
"00081",-88.8055,34.2348,153,12
"00082",-88.8087,34.085,115,12
"00083",-88.7987,33.9555,48,12
"00084",-88.8017,34.1853,144,12
"00085",-88.8074,34.256,123,12
"00086",-88.8138,34.1641,127,12
"00087",-88.7902,34.1515,36,12
"00088",-88.8042,34.3101,171,12
"00089",-88.7901,34.125,59,12
"00090",-88.8116,34.0392,92,12
"00091",-88.7784,33.9727,46,12
"00092",-88.773,34.0084,53,12
"00093",-88.8018,34.0663,68,12
"00094",-88.7856,34.0907,59,12
"00095",-88.7027,33.842,37,12
"00096",-88.7898,33.96,57,12
"00097",-88.7985,34.1391,25,12
"00098",-88.7935,34.1278,106,12
"00099",-88.8015,34.1417,124,12
"00100",-88.8096,34.1159,116,12
"END",NA,NA,NA,12
"00001",-88.8948,34.5351,153,13
"00002",-88.8407,34.3616,16,13
"00003",-88.8712,34.658,171,13
"00004",-88.8764,34.2881,79,13
"00005",-88.8845,34.5755,128,13
"00006",-88.8848,34.4893,117,13
"00007",-88.8976,34.4134,107,13
"00008",-88.8867,34.4983,80,13
"00009",-88.891,34.3933,98,13
"00010",-88.8873,34.3889,74,13
"00011",-88.8723,34.4773,18,13
"00012",-88.8911,34.4182,92,13
"00013",-88.8783,34.5805,143,13
"00014",-88.895,34.4682,124,13
"00015",-88.8349,34.3938,73,13
"00016",-88.8846,34.5239,87,13
"00017",-88.8659,34.5584,180,13
"00018",-88.8926,34.3229,119,13
"00019",-88.8892,34.4942,115,13
"00020",-88.8797,34.4621,122,13
"00021",-88.8835,34.4073,112,13
"00022",-88.8576,34.3779,13,13
"00023",-88.8731,34.3373,96,13
"00024",-88.8757,34.5403,112,13
"00025",-88.8772,34.5152,139,13
"00026",-88.8817,34.5079,126,13
"00027",-88.8861,34.3041,91,13
"00028",-88.8918,34.2535,74,13
"00029",-88.8748,34.3863,42,13
"00030",-88.8698,34.6136,114,13
"00031",-88.8531,34.2189,23,13
"00032",-88.8748,34.489,45,13
"00033",-88.8818,34.1973,62,13
"00034",-88.86,34.284,86,13
"00035",-88.8724,34.2485,55,13
"00036",-88.8941,34.2606,134,13
"00037",-88.8732,34.3567,77,13
"00038",-88.8216,34.1943,11,13
"00039",-88.8967,34.2897,125,13
"00040",-88.8486,34.3329,13,13
"00041",-88.8643,34.505,78,13
"00042",-88.8755,34.4388,105,13
"00043",-88.8438,34.1769,45,13
"00044",-88.8091,34.2341,41,13
"00045",-88.8667,34.2934,53,13
"00046",-88.8395,34.1757,28,13
"00047",-88.8568,34.3444,103,13
"00048",-88.8621,34.5014,116,13
"00049",-88.8781,34.3557,47,13
"00050",-88.8594,34.4541,110,13
"00051",-88.8596,34.4547,112,13
"00052",-88.8604,34.4144,175,13
"00053",-88.8774,34.3894,151,13
"00054",-88.8499,34.4909,145,13
"00055",-88.8663,34.3686,79,13
"00056",-88.8708,34.4152,85,13
"00057",-88.8542,34.4841,152,13
"00058",-88.8623,34.4165,46,13
"00059",-88.8616,34.4077,116,13
"00060",-88.8646,34.4005,29,13
"00061",-88.8604,34.3578,100,13
"00062",-88.7951,34.3938,41,13
"00063",-88.8631,34.271,126,13
"00064",-88.8555,34.4005,110,13
"00065",-88.8573,34.4066,127,13
"00066",-88.8578,34.4619,130,13
"00067",-88.8556,34.329,34,13
"00068",-88.8183,34.0661,32,13
"00069",-88.8565,34.5373,88,13
"00070",-88.8648,34.1953,106,13
"00071",-88.8504,34.5139,124,13
"00072",-88.8569,34.2439,44,13
"00073",-88.8252,34.2006,9,13
"00074",-88.8589,34.1842,114,13
"00075",-88.8566,34.2962,109,13
"00076",-88.7868,34.1864,16,13
"00077",-88.8557,34.1477,122,13
"00078",-88.8193,34.2697,58,13
"00079",-88.8534,34.4356,52,13
"00080",-88.861,34.1513,113,13
"00081",-88.8399,34.4158,172,13
"00082",-88.851,34.2516,108,13
"00083",-88.8394,34.0956,57,13
"00084",-88.8379,34.3624,114,13
"00085",-88.8407,34.4307,107,13
"00086",-88.8515,34.3369,108,13
"00087",-88.8184,34.2982,47,13
"00088",-88.8349,34.4966,176,13
"00089",-88.827,34.2748,55,13
"00090",-88.8564,34.1942,99,13
"00091",-88.8179,34.1129,36,13
"00092",-88.8129,34.1507,57,13
"00093",-88.8426,34.2167,46,13
"00094",-88.823,34.2397,37,13
"00095",-88.7452,33.9707,42,13
"00096",-88.8354,34.1025,61,13
"00097",-88.8197,34.2772,41,13
"00098",-88.8316,34.2928,72,13
"00099",-88.8417,34.3119,95,13
"00100",-88.8513,34.2829,113,13
"END",NA,NA,NA,13
"00001",-88.9235,34.7217,121,14
"00002",-88.859,34.5079,8,14
"00003",-88.8925,34.85,184,14
"00004",-88.9203,34.4498,74,14
"00005",-88.9142,34.758,127,14
"00006",-88.9177,34.6672,100,14
"00007",-88.9332,34.5862,110,14
"00008",-88.9226,34.6669,78,14
"00009",-88.9294,34.564,82,14
"00010",-88.9282,34.5528,97,14
"00011",-88.8852,34.631,25,14
"00012",-88.9298,34.588,89,14
"00013",-88.9051,34.7652,120,14
"00014",-88.9295,34.6466,124,14
"00015",-88.8743,34.5566,72,14
"00016",-88.9185,34.6958,93,14
"00017",-88.8907,34.7489,165,14
"00018",-88.9317,34.495,132,14
"00019",-88.9225,34.6719,125,14
"00020",-88.9134,34.6394,140,14
"00021",-88.9193,34.5803,138,14
"00022",-88.8722,34.525,7,14
"00023",-88.9147,34.5036,122,14
"00024",-88.9075,34.7193,96,14
"00025",-88.907,34.6978,135,14
"00026",-88.915,34.6885,132,14
"00027",-88.9277,34.4702,107,14
"00028",-88.9357,34.4116,74,14
"00029",-88.9019,34.5425,40,14
"00030",-88.899,34.7963,125,14
"00031",-88.8822,34.3617,6,14
"00032",-88.9013,34.6508,32,14
"00033",-88.9269,34.3514,100,14
"00034",-88.9045,34.4474,109,14
"00035",-88.9121,34.4027,66,14
"00036",-88.9362,34.4363,139,14
"00037",-88.9152,34.5212,105,14
"00038",-88.8442,34.3308,25,14
"00039",-88.938,34.4637,134,14
"00040",-88.8635,34.4774,9,14
"00041",-88.9009,34.6758,98,14
"00042",-88.9115,34.6129,126,14
"00043",-88.8831,34.3248,65,14
"00044",-88.8443,34.3844,29,14
"00045",-88.9051,34.4489,63,14
"00046",-88.873,34.3195,32,14
"00047",-88.8973,34.5148,97,14
"00048",-88.8945,34.6786,104,14
"00049",-88.9096,34.5125,44,14
"00050",-88.8939,34.6295,95,14
"00051",-88.8933,34.6305,123,14
"00052",-88.8921,34.601,162,14
"00053",-88.9131,34.572,144,14
"00054",-88.8805,34.6747,172,14
"00055",-88.9071,34.5339,83,14
"00056",-88.9109,34.5831,90,14
"00057",-88.8857,34.6678,142,14
"00058",-88.8931,34.5758,70,14
"00059",-88.8976,34.5817,118,14
"00060",-88.8864,34.5527,26,14
"00061",-88.9,34.5277,118,14
"00062",-88.8232,34.5501,12,14
"00063",-88.9047,34.4436,124,14
"00064",-88.8926,34.5741,94,14
"00065",-88.8928,34.5841,118,14
"00066",-88.892,34.6423,156,14
"00067",-88.8817,34.4803,59,14
"00068",-88.8573,34.2045,58,14
"00069",-88.8928,34.7103,96,14
"00070",-88.9111,34.3606,112,14
"00071",-88.8825,34.6949,149,14
"00072",-88.8923,34.3952,76,14
"00073",-88.8482,34.3352,12,14
"00074",-88.9057,34.3499,131,14
"00075",-88.8983,34.4657,77,14
"00076",-88.8108,34.3232,2,14
"00077",-88.9016,34.3148,114,14
"00078",-88.8582,34.4248,69,14
"00079",-88.8846,34.5968,50,14
"00080",-88.9081,34.3168,142,14
"00081",-88.8724,34.6018,178,14
"00082",-88.8945,34.4193,101,14
"00083",-88.8861,34.2435,55,14
"00084",-88.876,34.5343,113,14
"00085",-88.876,34.6041,112,14
"00086",-88.8919,34.508,123,14
"00087",-88.855,34.4531,49,14
"00088",-88.8645,34.6844,153,14
"00089",-88.8664,34.4299,24,14
"00090",-88.9026,34.3547,82,14
"00091",-88.8569,34.2567,7,14
"00092",-88.8567,34.2999,66,14
"00093",-88.8787,34.3672,20,14
"00094",-88.8561,34.3884,39,14
"00095",-88.7938,34.1075,71,14
"00096",-88.8839,34.2509,64,14
"00097",-88.8542,34.4276,35,14
"00098",-88.872,34.4527,81,14
"00099",-88.8847,34.4784,81,14
"00100",-88.8942,34.4513,81,14
"END",NA,NA,NA,14
"00001",-88.957,34.905,121,15
"00002",-88.8819,34.659,19,15
"00003",-88.9091,35.0418,153,15
"00004",-88.9665,34.615,65,15
"00005",-88.9455,34.9414,106,15
"00006",-88.9549,34.8447,77,15
"00007",-88.9711,34.7628,97,15
"00008",-88.9632,34.839,51,15
"00009",-88.9719,34.7348,65,15
"00010",-88.9708,34.7263,102,15
"00011",-88.9099,34.7932,39,15
"00012",-88.9708,34.7605,95,15
"00013",-88.9355,34.9486,100,15
"00014",-88.9656,34.8272,119,15
"00015",-88.9173,34.7229,76,15
"00016",-88.9551,34.8732,80,15
"00017",-88.9178,34.9371,163,15
"00018",-88.9715,34.6721,154,15
"00019",-88.9566,34.8535,114,15
"00020",-88.9473,34.8217,123,15
"00021",-88.9551,34.7606,139,15
"00022",-88.8933,34.6783,37,15
"00023",-88.9561,34.6784,111,15
"00024",-88.9434,34.8981,126,15
"00025",-88.9389,34.8808,127,15
"00026",-88.9493,34.8717,133,15
"00027",-88.9706,34.6432,121,15
"00028",-88.9838,34.574,60,15
"00029",-88.9341,34.7037,52,15
"00030",-88.9298,34.9835,123,15
"00031",-88.9109,34.5073,0,15
"00032",-88.9283,34.8153,37,15
"00033",-88.9773,34.5185,124,15
"00034",-88.9484,34.6188,80,15
"00035",-88.9589,34.5644,78,15
"00036",-88.9782,34.6145,141,15
"00037",-88.9568,34.6948,127,15
"00038",-88.8814,34.4802,12,15
"00039",-88.9799,34.6416,140,15
"00040",-88.8842,34.6275,10,15
"00041",-88.9388,34.8535,77,15
"00042",-88.948,34.7929,107,15
"00043",-88.9323,34.4828,46,15
"00044",-88.8802,34.5374,31,15
"00045",-88.9508,34.6104,74,15
"00046",-88.9143,34.4704,97,15
"00047",-88.9405,34.6871,80,15
"00048",-88.9302,34.8556,115,15
"00049",-88.9468,34.6741,52,15
"00050",-88.9332,34.8048,84,15
"00051",-88.9282,34.8109,112,15
"00052",-88.9247,34.7866,154,15
"00053",-88.9502,34.7536,138,15
"00054",-88.91,34.8631,168,15
"00055",-88.9503,34.7046,101,15
"00056",-88.9526,34.7559,76,15
"00057",-88.9185,34.8512,116,15
"00058",-88.9357,34.7442,45,15
"00059",-88.936,34.7586,134,15
"00060",-88.9143,34.7108,45,15
"00061",-88.9409,34.7039,117,15
"00062",-88.8433,34.7029,11,15
"00063",-88.9481,34.6185,143,15
"00064",-88.9346,34.7475,95,15
"00065",-88.9315,34.7619,119,15
"00066",-88.9253,34.8285,149,15
"00067",-88.9227,34.6433,59,15
"00068",-88.9081,34.3562,65,15
"00069",-88.931,34.8884,104,15
"00070",-88.9582,34.5312,116,15
"00071",-88.9135,34.8813,180,15
"00072",-88.942,34.5582,98,15
"00073",-88.88,34.4795,37,15
"00074",-88.9525,34.5217,137,15
"00075",-88.9455,34.6314,36,15
"00076",-88.8391,34.4647,20,15
"00077",-88.9498,34.4829,100,15
"00078",-88.9054,34.5872,48,15
"00079",-88.92,34.763,98,15
"00080",-88.9543,34.4911,137,15
"00081",-88.9045,34.7894,179,15
"00082",-88.9416,34.5883,102,15
"00083",-88.9353,34.3967,76,15
"00084",-88.9166,34.7087,124,15
"00085",-88.9141,34.7807,102,15
"00086",-88.932,34.684,129,15
"00087",-88.897,34.6136,59,15
"00088",-88.8961,34.8697,160,15
"00089",-88.8987,34.5835,22,15
"00090",-88.9528,34.5161,62,15
"00091",-88.889,34.398,20,15
"00092",-88.9071,34.4556,51,15
"00093",-88.9113,34.5168,4,15
"00094",-88.8955,34.543,24,15
"00095",-88.8538,34.2568,100,15
"00096",-88.9359,34.4056,34,15
"00097",-88.8917,34.5831,57,15
"00098",-88.9167,34.6185,72,15
"00099",-88.9328,34.6457,75,15
"00100",-88.9419,34.6162,56,15
"END",NA,NA,NA,15
"00001",-88.9986,35.0865,124,16
"00002",-88.918,34.8196,12,16
"00003",-88.9734,35.2275,82,16
"00004",-89.0152,34.7827,75,16
"00005",-88.976,35.1329,334,16
"00006",-89.0056,35.0197,50,16
"00007",-89.0143,34.9404,101,16
"00008",-88.9993,35.0076,220,16
"00009",-89.0173,34.9071,76,16
"00010",-89.0164,34.9033,107,16
"00011",-88.9469,34.9627,49,16
"00012",-89.0153,34.9365,109,16
"00013",-88.9829,35.1322,52,16
"00014",-89.0042,35.0012,313,16
"00015",-88.9653,34.8941,46,16
"00016",-88.9975,35.0492,346,16
"00017",-88.9614,35.1344,193,16
"00018",-89.0111,34.8542,159,16
"00019",-88.9975,35.0292,174,16
"00020",-88.9874,35.0039,16,16
"00021",-88.9932,34.9424,137,16
"00022",-88.935,34.8444,47,16
"00023",-89.0021,34.8536,128,16
"00024",-88.9785,35.0789,57,16
"00025",-88.9735,35.0669,369,16
"00026",-88.9806,35.0513,337,16
"00027",-89.0148,34.8213,111,16
"00028",-89.033,34.7386,44,16
"00029",-88.9761,34.872,58,16
"00030",-88.9578,35.1544,169,16
"00031",-88.949,34.6605,3,16
"00032",-88.9645,34.9861,53,16
"00033",-89.0273,34.6918,109,16
"00034",-88.9993,34.7876,84,16
"00035",-89.0127,34.7311,49,16
"00036",-89.021,34.7937,143,16
"00037",-88.9993,34.8743,115,16
"00038",-88.9208,34.632,4,16
"00039",-89.0232,34.8227,144,16
"00040",-88.9152,34.7855,27,16
"00041",-88.9937,35.0302,275,16
"00042",-88.99,34.9721,105,16
"00043",-88.9818,34.6429,49,16
"00044",-88.9235,34.6974,25,16
"00045",-89.004,34.7774,63,16
"00046",-88.9697,34.638,71,16
"00047",-88.99,34.8593,66,16
"00048",-88.9638,35.0366,151,16
"00049",-88.9925,34.8417,52,16
"00050",-88.9779,34.9809,118,16
"00051",-88.9687,34.9915,102,16
"00052",-88.9601,34.9719,154,16
"00053",-88.9901,34.9359,121,16
"00054",-88.9355,35.0406,165,16
"00055",-88.9958,34.8807,86,16
"00056",-89.0002,34.9292,50,16
"00057",-88.959,35.0299,182,16
"00058",-88.9769,34.9132,56,16
"00059",-88.975,34.9397,121,16
"00060",-88.9566,34.8782,43,16
"00061",-88.9849,34.882,108,16
"00062",-88.8725,34.8628,24,16
"00063",-88.9916,34.798,130,16
"00064",-88.9795,34.9228,94,16
"00065",-88.9731,34.942,130,16
"00066",-88.9595,35.0134,223,16
"00067",-88.9698,34.8117,42,16
"00068",-88.9649,34.5133,60,16
"00069",-88.9579,35.0678,171,16
"00070",-89.0072,34.7046,120,16
"00071",-88.9344,35.0759,180,16
"00072",-88.9926,34.7289,93,16
"00073",-88.9281,34.6373,62,16
"00074",-89.0004,34.6963,118,16
"00075",-88.988,34.7957,32,16
"00076",-88.8804,34.6172,21,16
"00077",-89.0023,34.6508,119,16
"00078",-88.9518,34.7509,47,16
"00079",-88.9639,34.9401,93,16
"00080",-89.0025,34.6664,118,16
"00081",-88.9373,34.977,183,16
"00082",-88.9923,34.7602,85,16
"00083",-88.9929,34.5576,87,16
"00084",-88.9587,34.8869,124,16
"00085",-88.9562,34.958,93,16
"00086",-88.974,34.863,127,16
"00087",-88.9464,34.7797,49,16
"00088",-88.9294,35.0553,210,16
"00089",-88.9373,34.7418,24,16
"00090",-89.005,34.6789,39,16
"00091",-88.9332,34.549,31,16
"00092",-88.959,34.6143,33,16
"00093",-88.9475,34.6709,27,16
"00094",-88.9369,34.7013,12,16
"00095",-88.9157,34.4174,103,16
"00096",-88.9858,34.5602,14,16
"00097",-88.9422,34.7474,59,16
"00098",-88.9662,34.7871,93,16
"00099",-88.9854,34.8148,89,16
"00100",-88.9908,34.7812,61,16
"END",NA,NA,NA,16
"00001",-89.0885,35.273,176,17
"00002",-88.962,34.9858,22,17
"00003",-89.0481,35.4001,31,17
"00004",-89.0717,34.9538,76,17
"00005",-88.9599,35.3473,454,17
"00006",-89.0541,35.1961,321,17
"00007",-89.0621,35.1133,102,17
"00008",-89.0227,35.1925,442,17
"00009",-89.0844,35.0863,120,17
"00010",-89.064,35.0865,294,17
"00011",-88.9972,35.1299,247,17
"00012",-89.0716,35.1153,337,17
"00013",-89.0104,35.2879,143,17
"00014",-89.0022,35.2039,467,17
"00015",-89.0198,35.0612,87,17
"00016",-88.9917,35.2566,232,17
"00017",-89.0351,35.3321,439,17
"00018",-89.0554,35.0295,153,17
"00019",-89.0497,35.2098,272,17
"00020",-89.0284,35.1712,368,17
"00021",-89.045,35.1269,232,17
"00022",-88.9938,35.0151,168,17
"00023",-89.0436,35.0399,322,17
"00024",-89.0268,35.2467,121,17
"00025",-88.9586,35.287,44,17
"00026",-88.9731,35.2607,223,17
"00027",-89.0641,34.9996,99,17
"00028",-89.0859,34.9058,44,17
"00029",-89.0201,35.043,80,17
"00030",-89.024,35.3243,396,17
"00031",-88.9977,34.8208,5,17
"00032",-89.0057,35.1566,148,17
"00033",-89.0823,34.8653,102,17
"00034",-89.0549,34.96,90,17
"00035",-89.0674,34.8988,48,17
"00036",-89.0667,34.9747,145,17
"00037",-89.05,35.0538,237,17
"00038",-88.9697,34.7908,4,17
"00039",-89.0675,35.0029,4,17
"00040",-88.9626,34.9526,5,17
"00041",-89.0099,35.2336,18,17
"00042",-89.021,35.1509,72,17
"00043",-89.0394,34.808,48,17
"00044",-88.9736,34.8616,34,17
"00045",-89.0605,34.9472,71,17
"00046",-89.0318,34.8042,82,17
"00047",-89.0406,35.0412,249,17
"00048",-88.9942,35.2297,411,17
"00049",-89.0417,35.014,325,17
"00050",-89.032,35.162,161,17
"00051",-89.0384,35.1615,163,17
"00052",-89.0113,35.167,163,17
"00053",-89.0314,35.1176,208,17
"00054",-88.9849,35.2398,292,17
"00055",-89.0463,35.0499,296,17
"00056",-89.0528,35.1047,308,17
"00057",-89.0268,35.2162,332,17
"00058",-89.0284,35.0928,233,17
"00059",-89.0256,35.1171,15,17
"00060",-89.0123,35.0568,200,17
"00061",-89.0323,35.0492,150,17
"00062",-88.921,35.0379,208,17
"00063",-89.0393,34.9773,132,17
"00064",-89.0425,35.0933,430,17
"00065",-89.0069,35.1237,411,17
"00066",-88.9673,35.212,383,17
"00067",-89.0205,34.9821,30,17
"00068",-89.0266,34.6736,52,17
"00069",-89.0101,35.2459,124,17
"00070",-89.0585,34.8803,138,17
"00071",-88.9711,35.2749,381,17
"00072",-89.0485,34.9014,102,17
"00073",-88.9879,34.802,75,17
"00074",-89.0536,34.8701,103,17
"00075",-89.0382,34.9645,41,17
"00076",-88.9322,34.7763,6,17
"00077",-89.0563,34.8237,107,17
"00078",-89.0049,34.9191,56,17
"00079",-89.0084,35.1124,45,17
"00080",-89.0562,34.8405,131,17
"00081",-88.9742,35.1641,347,17
"00082",-89.0497,34.9317,76,17
"00083",-89.0542,34.7238,85,17
"00084",-89.0035,35.0805,131,17
"00085",-89.0054,35.1276,312,17
"00086",-89.0252,35.0495,216,17
"00087",-89.0007,34.9485,38,17
"00088",-88.9602,35.2547,388,17
"00089",-88.9857,34.9069,21,17
"00090",-89.0593,34.8437,18,17
"00091",-88.9891,34.7082,46,17
"00092",-89.0144,34.7759,34,17
"00093",-89,34.8342,23,17
"00094",-88.9838,34.8641,17,17
"00095",-88.9796,34.5814,85,17
"00096",-89.0381,34.7176,5,17
"00097",-88.9987,34.916,59,17
"00098",-89.0186,34.9615,103,17
"00099",-89.0409,34.9889,80,17
"00100",-89.0464,34.9511,57,17
"END",NA,NA,NA,17
"00001",-89.1876,35.4797,418,18
"00002",-89.0124,35.1666,246,18
"00003",-89.1329,35.5504,23,18
"00004",-89.1407,35.1264,261,18
"00005",-88.9244,35.5775,7,18
"00006",-89.042,35.3973,388,18
"00007",-89.0959,35.2878,251,18
"00008",-88.9936,35.4114,552,18
"00009",-89.1559,35.2673,2,18
"00010",-89.0798,35.2909,105,18
"00011",-89.0387,35.3183,171,18
"00012",-89.0685,35.3281,166,18
"00013",-89.0778,35.4498,46,18
"00014",-88.962,35.4284,446,18
"00015",-89.064,35.2257,374,18
"00016",-89.0242,35.4524,319,18
"00017",-89.037,35.5655,470,18
"00018",-89.0973,35.1889,300,18
"00019",-89.0949,35.414,125,18
"00020",-89.0248,35.3842,374,18
"00021",-89.0784,35.3042,373,18
"00022",-89.057,35.1989,99,18
"00023",-89.048,35.2412,447,18
"00024",-89.0947,35.3898,341,18
"00025",-89.0132,35.4465,345,18
"00026",-89.0208,35.4556,336,18
"00027",-89.115,35.1586,204,18
"00028",-89.1477,35.0798,156,18
"00029",-89.0712,35.2168,126,18
"00030",-89.0309,35.5311,229,18
"00031",-89.0584,34.9883,9,18
"00032",-89.0805,35.349,357,18
"00033",-89.1454,35.0414,185,18
"00034",-89.1092,35.1338,264,18
"00035",-89.1262,35.0716,33,18
"00036",-89.1328,35.1463,221,18
"00037",-89.0782,35.2386,403,18
"00038",-89.0308,34.9566,8,18
"00039",-89.11,35.1563,137,18
"00040",-89.011,35.1302,57,18
"00041",-89.0778,35.3938,353,18
"00042",-89.0517,35.3294,219,18
"00043",-89.1048,34.9767,50,18
"00044",-89.0356,35.028,118,18
"00045",-89.1175,35.1186,53,18
"00046",-89.0989,34.9743,77,18
"00047",-89.0615,35.2384,117,18
"00048",-88.9691,35.4548,406,18
"00049",-89.0491,35.2089,288,18
"00050",-89.0988,35.3414,44,18
"00051",-89.1154,35.3465,252,18
"00052",-89.0655,35.3759,327,18
"00053",-89.0889,35.3024,306,18
"00054",-88.9844,35.4391,303,18
"00055",-89.0582,35.2505,125,18
"00056",-89.0818,35.3228,21,18
"00057",-89.0604,35.423,442,18
"00058",-89.0488,35.2819,363,18
"00059",-89.1008,35.3017,205,18
"00060",-89.071,35.228,195,18
"00061",-89.0962,35.2416,33,18
"00062",-88.9779,35.2247,104,18
"00063",-89.0975,35.1504,143,18
"00064",-89.0263,35.3127,348,18
"00065",-88.9821,35.3432,394,18
"00066",-88.9484,35.4284,45,18
"00067",-89.0932,35.1553,127,18
"00068",-89.0947,34.8376,49,18
"00069",-89.0996,35.4238,124,18
"00070",-89.1201,35.0613,11,18
"00071",-88.9594,35.497,83,18
"00072",-89.1084,35.0768,363,18
"00073",-89.0558,34.9705,73,18
"00074",-89.1154,35.0427,316,18
"00075",-89.1133,35.1335,344,18
"00076",-88.9927,34.9404,4,18
"00077",-89.1169,34.9973,103,18
"00078",-89.0674,35.0882,250,18
"00079",-89.0748,35.2806,187,18
"00080",-89.1129,35.0184,142,18
"00081",-88.978,35.3769,463,18
"00082",-89.1377,35.0973,345,18
"00083",-89.1213,34.8924,87,18
"00084",-89.0682,35.2671,375,18
"00085",-89.0073,35.3237,164,18
"00086",-89.0461,35.2326,102,18
"00087",-89.052,35.1152,18,18
"00088",-88.9501,35.4762,425,18
"00089",-89.0429,35.0703,408,18
"00090",-89.1196,35.0143,241,18
"00091",-89.0561,34.8731,48,18
"00092",-89.0789,34.9424,28,18
"00093",-89.0612,35.0027,42,18
"00094",-89.0356,35.0332,311,18
"00095",-89.0512,34.7448,85,18
"00096",-89.1011,34.8813,0,18
"00097",-89.0576,35.0992,288,18
"00098",-89.0772,35.13,123,18
"00099",-89.1199,35.168,197,18
"00100",-89.1216,35.1207,196,18
"END",NA,NA,NA,18
"00001",-89.212,35.7228,256,19
"00002",-89.043,35.3633,193,19
"00003",-89.2625,35.6933,75,19
"00004",-89.1695,35.3224,301,19
"00005",-88.9745,35.7332,256,19
"00006",-89.0288,35.6135,398,19
"00007",-89.1021,35.4818,120,19
"00008",-88.945,35.654,458,19
"00009",-89.2218,35.4632,379,19
"00010",-89.1633,35.4539,129,19
"00011",-89.0919,35.468,207,19
"00012",-89.1099,35.502,12,19
"00013",-89.1436,35.5964,344,19
"00014",-88.9417,35.6491,18,19
"00015",-89.0533,35.4368,363,19
"00016",-89.0474,35.6525,7,19
"00017",-89.0312,35.8101,479,19
"00018",-89.1149,35.3747,388,19
"00019",-89.2092,35.5991,87,19
"00020",-89.0317,35.6012,574,19
"00021",-89.0846,35.5039,254,19
"00022",-89.1722,35.3777,318,19
"00023",-89.0273,35.4659,416,19
"00024",-89.1172,35.5736,521,19
"00025",-89.0185,35.6524,428,19
"00026",-89.0322,35.6704,276,19
"00027",-89.153,35.3305,270,19
"00028",-89.1908,35.2678,80,19
"00029",-89.1453,35.4076,29,19
"00030",-89.1028,35.7009,165,19
"00031",-89.1195,35.1576,110,19
"00032",-89.1083,35.5707,343,19
"00033",-89.214,35.2277,337,19
"00034",-89.1265,35.3313,16,19
"00035",-89.204,35.2396,239,19
"00036",-89.1783,35.3379,238,19
"00037",-89.0712,35.4532,281,19
"00038",-89.1061,35.131,120,19
"00039",-89.1649,35.331,70,19
"00040",-89.0844,35.3161,27,19
"00041",-89.0874,35.6054,464,19
"00042",-89.0822,35.5323,280,19
"00043",-89.1825,35.1476,324,19
"00044",-89.0893,35.1948,167,19
"00045",-89.1898,35.3019,174,19
"00046",-89.1806,35.1401,385,19
"00047",-89.1276,35.4122,351,19
"00048",-88.9557,35.677,130,19
"00049",-89.0895,35.4001,32,19
"00050",-89.2062,35.5301,389,19
"00051",-89.1498,35.5577,219,19
"00052",-89.0947,35.5992,470,19
"00053",-89.1028,35.5141,112,19
"00054",-88.9881,35.627,315,19
"00055",-89.1247,35.4433,158,19
"00056",-89.1519,35.4912,45,19
"00057",-89.069,35.6544,73,19
"00058",-89.0506,35.4927,461,19
"00059",-89.1687,35.4959,481,19
"00060",-89.1246,35.4181,28,19
"00061",-89.2019,35.4396,169,19
"00062",-89.0485,35.3778,27,19
"00063",-89.1821,35.3292,90,19
"00064",-89.0388,35.5226,119,19
"00065",-88.9755,35.562,20,19
"00066",-89.0321,35.5985,345,19
"00067",-89.1629,35.3374,62,19
"00068",-89.169,35.0067,53,19
"00069",-89.2113,35.6051,365,19
"00070",-89.1916,35.2486,152,19
"00071",-88.9953,35.6734,386,19
"00072",-89.1137,35.2875,42,19
"00073",-89.1353,35.1385,31,19
"00074",-89.1258,35.2362,27,19
"00075",-89.1327,35.3393,368,19
"00076",-89.0605,35.1237,82,19
"00077",-89.1915,35.1657,78,19
"00078",-89.1163,35.2656,303,19
"00079",-89.101,35.4519,65,19
"00080",-89.1747,35.1936,118,19
"00081",-88.9595,35.6113,641,19
"00082",-89.1578,35.3054,295,19
"00083",-89.2025,35.0625,399,19
"00084",-89.076,35.4825,430,19
"00085",-89.0616,35.4856,304,19
"00086",-89.1017,35.3908,408,19
"00087",-89.1245,35.285,399,19
"00088",-88.9412,35.7037,526,19
"00089",-89.035,35.2834,478,19
"00090",-89.149,35.1964,217,19
"00091",-89.1299,35.0439,249,19
"00092",-89.1518,35.0987,241,19
"00093",-89.151,35.1676,149,19
"00094",-89.0425,35.2374,392,19
"00095",-89.1278,34.9119,78,19
"00096",-89.1733,35.0529,66,19
"00097",-89.0758,35.3101,386,19
"00098",-89.1284,35.3008,346,19
"00099",-89.1654,35.3554,516,19
"00100",-89.166,35.305,185,19
"END",NA,NA,NA,19
"00001",-89.3101,35.9574,513,20
"00002",-89.0996,35.5753,208,20
"00003",-89.3766,35.8488,314,20
"00004",-89.2087,35.5215,118,20
"00005",-88.9858,35.8911,628,20
"00006",-89.0215,35.8381,710,20
"00007",-89.1916,35.6718,132,20
"00008",-88.9332,35.8883,438,20
"00009",-89.2291,35.7005,271,20
"00010",-89.2463,35.627,265,20
"00011",-89.1669,35.6119,156,20
"00012",-89.1454,35.6672,366,20
"00013",-89.1453,35.8074,562,20
"00014",-89.0491,35.8192,406,20
"00015",-89.0578,35.6498,314,20
"00016",-89.1415,35.8327,526,20
"00017",-89.0288,36.0619,611,20
"00018",-89.1204,35.5886,396,20
"00019",-89.3477,35.7827,452,20
"00020",-88.9912,35.8644,33,20
"00021",-89.1463,35.6885,384,20
"00022",-89.2312,35.594,317,20
"00023",-89.0303,35.6936,545,20
"00024",-89.0951,35.8119,598,20
"00025",-89.0122,35.8822,391,20
"00026",-89.0777,35.8757,123,20
"00027",-89.1809,35.5289,124,20
"00028",-89.2847,35.4465,83,20
"00029",-89.2335,35.5864,328,20
"00030",-89.2161,35.8611,552,20
"00031",-89.1913,35.3095,370,20
"00032",-89.1566,35.7979,383,20
"00033",-89.2449,35.439,117,20
"00034",-89.2002,35.5021,86,20
"00035",-89.2667,35.4329,22,20
"00036",-89.2391,35.5474,12,20
"00037",-89.1028,35.6604,117,20
"00038",-89.1856,35.3125,360,20
"00039",-89.2246,35.5135,79,20
"00040",-89.1894,35.4941,418,20
"00041",-89.0748,35.8454,390,20
"00042",-89.1088,35.7342,20,20
"00043",-89.2069,35.3446,263,20
"00044",-89.1529,35.3859,326,20
"00045",-89.2397,35.4937,84,20
"00046",-89.1973,35.3587,178,20
"00047",-89.1455,35.6297,306,20
"00048",-89.0173,35.8483,345,20
"00049",-89.1967,35.5566,109,20
"00050",-89.2352,35.7719,154,20
"00051",-89.2042,35.771,621,20
"00052",-89.086,35.853,279,20
"00053",-89.1799,35.7098,436,20
"00054",-88.9992,35.831,432,20
"00055",-89.1778,35.6335,445,20
"00056",-89.2207,35.6651,19,20
"00057",-89.1765,35.8377,23,20
"00058",-89.036,35.7318,334,20
"00059",-89.1634,35.7484,768,20
"00060",-89.2257,35.593,222,20
"00061",-89.2917,35.6443,351,20
"00062",-89.0954,35.5475,358,20
"00063",-89.3078,35.5092,260,20
"00064",-89.1118,35.7055,30,20
"00065",-89.0226,35.7595,10,20
"00066",-89.0607,35.8091,51,20
"00067",-89.267,35.5032,173,20
"00068",-89.2425,35.1827,486,20
"00069",-89.2483,35.8276,221,20
"00070",-89.2538,35.4718,78,20
"00071",-88.9733,35.8998,79,20
"00072",-89.195,35.4761,77,20
"00073",-89.2379,35.3036,112,20
"00074",-89.1937,35.4213,357,20
"00075",-89.1519,35.5507,538,20
"00076",-89.14,35.302,509,20
"00077",-89.2911,35.34,506,20
"00078",-89.1484,35.4743,280,20
"00079",-89.1761,35.6184,188,20
"00080",-89.2632,35.3775,341,20
"00081",-88.9056,35.884,621,20
"00082",-89.1902,35.5154,290,20
"00083",-89.2172,35.2857,388,20
"00084",-89.0792,35.7109,665,20
"00085",-89.0983,35.6734,449,20
"00086",-89.0969,35.6085,407,20
"00087",-89.1348,35.5082,211,20
"00088",-88.9089,35.96,529,20
"00089",-89.0165,35.5181,7,20
"00090",-89.2212,35.3874,99,20
"00091",-89.1617,35.2488,255,20
"00092",-89.2046,35.2742,176,20
"00093",-89.2283,35.3462,249,20
"00094",-89.0446,35.4626,197,20
"00095",-89.2219,35.0764,30,20
"00096",-89.2365,35.2463,328,20
"00097",-89.0795,35.5426,528,20
"00098",-89.1422,35.5082,9,20
"00099",-89.1304,35.6103,549,20
"00100",-89.2164,35.488,26,20
"END",NA,NA,NA,20
"00001",-89.3243,36.2522,685,21
"00002",-89.1671,35.7953,90,21
"00003",-89.4427,36.064,148,21
"00004",-89.303,35.687,753,21
"00005",-88.9253,36.1487,502,21
"00006",-88.9586,36.1285,659,21
"00007",-89.2881,35.8748,20,21
"00008",-88.9386,36.1316,606,21
"00009",-89.2816,35.9332,487,21
"00010",-89.307,35.8409,504,21
"00011",-89.2301,35.7702,540,21
"00012",-89.1412,35.8907,181,21
"00013",-89.1001,36.0786,592,21
"00014",-89.0856,36.0525,444,21
"00015",-89.094,35.8633,237,21
"00016",-89.1299,36.1001,418,21
"00017",-88.9898,36.357,467,21
"00018",-89.1317,35.8172,205,21
"00019",-89.3866,36.0498,398,21
"00020",-89.0745,36.0081,53,21
"00021",-89.1751,35.9088,45,21
"00022",-89.2762,35.8169,488,21
"00023",-89.0095,35.9676,261,21
"00024",-89.0549,36.0832,526,21
"00025",-89.0262,36.1129,693,21
"00026",-89.1687,36.0432,227,21
"00027",-89.2668,35.7104,2,21
"00028",-89.3994,35.6163,496,21
"00029",-89.2606,35.8144,265,21
"00030",-89.2216,36.1198,688,21
"00031",-89.2112,35.516,709,21
"00032",-89.1953,36.0399,129,21
"00033",-89.3564,35.6175,154,21
"00034",-89.3197,35.6524,269,21
"00035",-89.375,35.5965,42,21
"00036",-89.3533,35.751,365,21
"00037",-89.2177,35.8443,490,21
"00038",-89.2145,35.5411,297,21
"00039",-89.3136,35.6795,80,21
"00040",-89.2158,35.7396,456,21
"00041",-89.0912,36.0803,617,21
"00042",-89.2413,35.9136,36,21
"00043",-89.2752,35.5315,211,21
"00044",-89.1786,35.608,437,21
"00045",-89.3337,35.6855,355,21
"00046",-89.2741,35.5688,319,21
"00047",-89.1676,35.8516,21,21
"00048",-89.038,36.0721,255,21
"00049",-89.3078,35.7281,187,21
"00050",-89.3622,36.0003,306,21
"00051",-89.1538,36.0774,588,21
"00052",-89.1339,36.0843,220,21
"00053",-89.1833,35.9718,157,21
"00054",-88.9943,36.0749,540,21
"00055",-89.1682,35.8868,590,21
"00056",-89.3184,35.838,281,21
"00057",-89.2477,36.0293,293,21
"00058",-89.0704,35.9418,409,21
"00059",-89.1063,36.0533,932,21
"00060",-89.2821,35.7999,333,21
"00061",-89.3263,35.8934,90,21
"00062",-89.0999,35.7665,114,21
"00063",-89.3861,35.7266,167,21
"00064",-89.2203,35.897,160,21
"00065",-89.0647,35.9567,536,21
"00066",-89.1613,35.9783,78,21
"00067",-89.3619,35.6779,178,21
"00068",-89.2285,35.4378,582,21
"00069",-89.329,36.0211,10,21
"00070",-89.3401,35.6701,378,21
"00071",-89.0455,36.0814,162,21
"00072",-89.2821,35.6384,476,21
"00073",-89.325,35.475,166,21
"00074",-89.2161,35.6505,493,21
"00075",-89.134,35.8082,784,21
"00076",-89.1257,35.5619,38,21
"00077",-89.2899,35.5995,550,21
"00078",-89.2112,35.6911,274,21
"00079",-89.2643,35.8184,391,21
"00080",-89.3093,35.5948,457,21
"00081",-88.864,36.1712,539,21
"00082",-89.2395,35.7322,83,21
"00083",-89.2413,35.5145,453,21
"00084",-89.0301,35.9961,676,21
"00085",-89.1039,35.904,642,21
"00086",-89.0998,35.8386,500,21
"00087",-89.205,35.6909,365,21
"00088",-88.8844,36.2252,492,21
"00089",-89.093,35.6792,207,21
"00090",-89.3237,35.5733,187,21
"00091",-89.2237,35.4377,512,21
"00092",-89.3062,35.4382,318,21
"00093",-89.2749,35.5497,482,21
"00094",-89.122,35.6527,163,21
"00095",-89.324,35.235,352,21
"00096",-89.2563,35.4738,556,21
"00097",-89.0521,35.8131,583,21
"00098",-89.231,35.7002,5,21
"00099",-89.0987,35.8787,554,21
"00100",-89.3235,35.6563,235,21
"END",NA,NA,NA,21
"00001",-89.2981,36.5963,699,22
"00002",-89.2776,36.0089,346,22
"00003",-89.5771,36.2697,592,22
"00004",-89.2534,35.9898,472,22
"00005",-88.9113,36.4012,544,22
"00006",-88.906,36.4345,717,22
"00007",-89.4076,36.063,42,22
"00008",-88.9024,36.428,688,22
"00009",-89.2825,36.2274,353,22
"00010",-89.3075,36.1239,46,22
"00011",-89.2093,36.0287,795,22
"00012",-89.2196,36.0924,199,22
"00013",-89.0623,36.3712,417,22
"00014",-89.1111,36.312,286,22
"00015",-89.1493,36.0658,473,22
"00016",-89.1482,36.3534,398,22
"00017",-88.9916,36.6338,559,22
"00018",-89.2115,36.0048,242,22
"00019",-89.4394,36.3135,147,22
"00020",-89.1723,36.1299,347,22
"00021",-89.279,36.0907,8,22
"00022",-89.2788,36.0955,210,22
"00023",-89.0751,36.1798,454,22
"00024",-89.0388,36.3599,519,22
"00025",-88.9768,36.4201,579,22
"00026",-89.2072,36.2417,87,22
"00027",-89.3853,35.9035,385,22
"00028",-89.4108,35.8872,514,22
"00029",-89.2983,36.0294,282,22
"00030",-89.1999,36.4229,741,22
"00031",-89.1597,35.8057,913,22
"00032",-89.319,36.2706,431,22
"00033",-89.4385,35.8058,383,22
"00034",-89.4231,35.8447,470,22
"00035",-89.4986,35.7616,97,22
"00036",-89.401,36.0124,515,22
"00037",-89.2335,36.1229,653,22
"00038",-89.2557,35.7794,305,22
"00039",-89.4171,35.8343,119,22
"00040",-89.2336,36.0049,144,22
"00041",-89.0519,36.3846,503,22
"00042",-89.4059,36.0995,313,22
"00043",-89.3546,35.7164,56,22
"00044",-89.1879,35.8576,536,22
"00045",-89.363,35.9328,123,22
"00046",-89.3323,35.8117,44,22
"00047",-89.2301,36.0295,388,22
"00048",-89.0895,36.2741,363,22
"00049",-89.3942,35.9241,427,22
"00050",-89.4314,36.243,467,22
"00051",-89.1128,36.3987,502,22
"00052",-89.2322,36.3038,110,22
"00053",-89.2546,36.1741,420,22
"00054",-88.9675,36.3616,524,22
"00055",-89.1293,36.1873,567,22
"00056",-89.394,36.0528,275,22
"00057",-89.275,36.2718,545,22
"00058",-89.0932,36.1811,520,22
"00059",-89.0344,36.3835,969,22
"00060",-89.3281,36.0218,629,22
"00061",-89.4383,36.091,197,22
"00062",-89.1769,35.9518,176,22
"00063",-89.4908,35.9134,160,22
"00064",-89.3122,36.1002,189,22
"00065",-89.0187,36.2542,476,22
"00066",-89.2809,36.1365,13,22
"00067",-89.4718,35.8507,188,22
"00068",-89.2032,35.7338,698,22
"00069",-89.4306,36.2038,32,22
"00070",-89.3666,35.9339,498,22
"00071",-89.1155,36.2648,52,22
"00072",-89.2711,35.8951,700,22
"00073",-89.408,35.6237,251,22
"00074",-89.2048,35.9187,630,22
"00075",-89.0848,36.1123,914,22
"00076",-89.2277,35.752,483,22
"00077",-89.2827,35.8837,762,22
"00078",-89.2682,35.928,31,22
"00079",-89.3029,36.0707,406,22
"00080",-89.3248,35.8553,388,22
"00081",-88.8483,36.4535,731,22
"00082",-89.347,35.9188,70,22
"00083",-89.2458,35.7751,484,22
"00084",-88.9803,36.2997,546,22
"00085",-89.0631,36.1947,874,22
"00086",-89.0959,36.1099,597,22
"00087",-89.2457,35.9243,407,22
"00088",-88.8827,36.4984,281,22
"00089",-89.1806,35.883,427,22
"00090",-89.4052,35.7789,333,22
"00091",-89.225,35.6967,224,22
"00092",-89.3489,35.6501,643,22
"00093",-89.2683,35.8183,407,22
"00094",-89.1897,35.8618,324,22
"00095",-89.3729,35.4501,51,22
"00096",-89.2299,35.7603,664,22
"00097",-89.0256,36.1098,297,22
"00098",-89.3136,35.9015,52,22
"00099",-89.0699,36.1649,246,22
"00100",-89.3769,35.8531,205,22
"END",NA,NA,NA,22
"00001",-89.2607,36.9568,723,23
"00002",-89.3205,36.2807,772,23
"00003",-89.5834,36.6142,390,23
"00004",-89.2667,36.2678,687,23
"00005",-88.8922,36.6856,412,23
"00006",-88.8535,36.7659,918,23
"00007",-89.5267,36.2681,223,23
"00008",-88.8613,36.7585,33,23
"00009",-89.3261,36.4934,399,23
"00010",-89.4341,36.3009,333,23
"00011",-89.1499,36.3448,651,23
"00012",-89.2962,36.3126,148,23
"00013",-89.079,36.6385,696,23
"00014",-89.1741,36.5542,393,23
"00015",-89.1429,36.3445,431,23
"00016",-89.1746,36.6191,171,23
"00017",-88.9746,36.9527,399,23
"00018",-89.2844,36.2186,560,23
"00019",-89.5727,36.5497,187,23
"00020",-89.2196,36.3342,258,23
"00021",-89.3765,36.2906,489,23
"00022",-89.3585,36.3062,45,23
"00023",-89.093,36.4572,486,23
"00024",-89.0315,36.653,426,23
"00025",-88.9666,36.7358,590,23
"00026",-89.3097,36.4364,318,23
"00027",-89.4299,36.1707,119,23
"00028",-89.4219,36.174,550,23
"00029",-89.3417,36.2592,361,23
"00030",-89.1626,36.7542,571,23
"00031",-89.0924,36.1308,904,23
"00032",-89.3543,36.5784,317,23
"00033",-89.47,36.0596,549,23
"00034",-89.4695,36.1075,640,23
"00035",-89.6078,35.9443,510,23
"00036",-89.4049,36.3282,592,23
"00037",-89.2119,36.4563,461,23
"00038",-89.2941,36.0333,136,23
"00039",-89.525,36.0058,89,23
"00040",-89.3442,36.2058,85,23
"00041",-89.0436,36.681,542,23
"00042",-89.4949,36.3448,266,23
"00043",-89.4657,35.8861,351,23
"00044",-89.1776,36.1495,558,23
"00045",-89.4455,36.1247,38,23
"00046",-89.4416,36.0089,273,23
"00047",-89.2417,36.2866,237,23
"00048",-89.1153,36.5189,104,23
"00049",-89.4253,36.1953,613,23
"00050",-89.462,36.542,699,23
"00051",-89.098,36.7117,254,23
"00052",-89.3538,36.4938,629,23
"00053",-89.2639,36.449,559,23
"00054",-88.9537,36.6613,636,23
"00055",-89.1013,36.4986,746,23
"00056",-89.4631,36.274,37,23
"00057",-89.2477,36.5923,795,23
"00058",-89.0931,36.4672,569,23
"00059",-88.9619,36.7316,1006,23
"00060",-89.3004,36.3352,932,23
"00061",-89.5218,36.3144,483,23
"00062",-89.2456,36.1689,244,23
"00063",-89.6082,36.1104,207,23
"00064",-89.4015,36.3243,466,23
"00065",-89.0019,36.5521,314,23
"00066",-89.4239,36.3185,39,23
"00067",-89.596,36.0285,228,23
"00068",-89.1605,36.0583,836,23
"00069",-89.5187,36.382,82,23
"00070",-89.3659,36.2413,308,23
"00071",-89.2169,36.4341,339,23
"00072",-89.2217,36.2092,862,23
"00073",-89.4796,35.812,4,23
"00074",-89.1705,36.2399,813,23
"00075",-89.0213,36.4465,775,23
"00076",-89.2371,36.0428,481,23
"00077",-89.2408,36.2161,529,23
"00078",-89.3864,36.1385,293,23
"00079",-89.3426,36.3391,375,23
"00080",-89.3632,36.1121,33,23
"00081",-88.8001,36.7832,521,23
"00082",-89.452,36.1033,423,23
"00083",-89.2488,36.0561,569,23
"00084",-88.9628,36.6044,832,23
"00085",-88.9971,36.524,601,23
"00086",-89.0723,36.4206,637,23
"00087",-89.2769,36.1817,452,23
"00088",-88.9405,36.7377,398,23
"00089",-89.2135,36.1556,38,23
"00090",-89.4533,36.0316,265,23
"00091",-89.3024,35.8985,715,23
"00092",-89.3251,35.9605,89,23
"00093",-89.2922,36.0783,313,23
"00094",-89.2216,36.1081,282,23
"00095",-89.4963,35.6151,393,23
"00096",-89.196,36.0805,810,23
"00097",-89.0755,36.351,394,23
"00098",-89.4111,36.1087,27,23
"00099",-89.1035,36.3952,144,23
"00100",-89.4611,36.0613,340,23
"END",NA,NA,NA,23
"00001",-89.2158,37.336,685,24
"00002",-89.277,36.657,757,24
"00003",-89.6325,36.9132,376,24
"00004",-89.2343,36.6186,605,24
"00005",-88.9174,36.9585,488,24
"00006",-88.7773,37.1343,930,24
"00007",-89.6136,36.5145,458,24
"00008",-88.9746,36.9483,129,24
"00009",-89.358,36.7912,353,24
"00010",-89.4935,36.5627,467,24
"00011",-89.1146,36.6786,606,24
"00012",-89.3915,36.5315,117,24
"00013",-89.0354,36.9907,547,24
"00014",-89.2094,36.8415,258,24
"00015",-89.1555,36.6318,501,24
"00016",-89.2674,36.836,290,24
"00017",-89.0129,37.2406,460,24
"00018",-89.2816,36.5386,531,24
"00019",-89.6902,36.7999,159,24
"00020",-89.2918,36.5408,371,24
"00021",-89.3831,36.6094,463,24
"00022",-89.4771,36.4948,76,24
"00023",-89.1096,36.7597,412,24
"00024",-89.0545,36.9399,256,24
"00025",-88.9547,37.0802,472,24
"00026",-89.3545,36.7051,519,24
"00027",-89.5442,36.3805,122,24
"00028",-89.4191,36.4932,662,24
"00029",-89.369,36.5251,239,24
"00030",-89.1529,37.0915,413,24
"00031",-89.0289,36.4799,762,24
"00032",-89.4185,36.8616,489,24
"00033",-89.461,36.3777,585,24
"00034",-89.4608,36.438,574,24
"00035",-89.6201,36.2514,650,24
"00036",-89.3864,36.6846,836,24
"00037",-89.2367,36.7601,344,24
"00038",-89.3859,36.2507,177,24
"00039",-89.6457,36.1857,108,24
"00040",-89.4713,36.4021,83,24
"00041",-89.0361,37.0095,373,24
"00042",-89.5916,36.5921,327,24
"00043",-89.5136,36.1344,508,24
"00044",-89.1691,36.4708,675,24
"00045",-89.5529,36.3133,5,24
"00046",-89.5056,36.2561,200,24
"00047",-89.301,36.5155,791,24
"00048",-89.2161,36.7113,119,24
"00049",-89.4087,36.5386,645,24
"00050",-89.4349,36.9152,829,24
"00051",-89.1567,36.9667,499,24
"00052",-89.3326,36.8474,744,24
"00053",-89.2433,36.7823,319,24
"00054",-88.9188,37.0032,522,24
"00055",-89.0428,36.8619,825,24
"00056",-89.5901,36.4594,74,24
"00057",-89.1852,36.9633,756,24
"00058",-89.0892,36.7841,365,24
"00059",-88.8846,37.1025,1028,24
"00060",-89.2304,36.699,827,24
"00061",-89.5264,36.6367,399,24
"00062",-89.3072,36.4097,186,24
"00063",-89.7149,36.331,370,24
"00064",-89.4109,36.6433,698,24
"00065",-89.043,36.8176,299,24
"00066",-89.5685,36.508,46,24
"00067",-89.7065,36.237,440,24
"00068",-89.1042,36.4139,633,24
"00069",-89.6201,36.5709,69,24
"00070",-89.4211,36.5027,551,24
"00071",-89.2608,36.6892,389,24
"00072",-89.157,36.5601,853,24
"00073",-89.6,35.9805,33,24
"00074",-89.114,36.5968,672,24
"00075",-88.9744,36.7944,754,24
"00076",-89.2488,36.3505,447,24
"00077",-89.2432,36.5335,204,24
"00078",-89.4559,36.4059,447,24
"00079",-89.3949,36.6153,699,24
"00080",-89.4839,36.3013,41,24
"00081",-88.7913,37.1026,270,24
"00082",-89.4651,36.3941,345,24
"00083",-89.2338,36.3832,827,24
"00084",-88.9013,36.9657,851,24
"00085",-88.9753,36.8561,293,24
"00086",-89.0508,36.7602,690,24
"00087",-89.3008,36.4742,390,24
"00088",-88.969,37.024,273,24
"00089",-89.3408,36.3489,63,24
"00090",-89.5245,36.2775,384,24
"00091",-89.2727,36.2355,810,24
"00092",-89.4431,36.1468,72,24
"00093",-89.3428,36.3296,271,24
"00094",-89.2749,36.3517,202,24
"00095",-89.5502,35.8698,321,24
"00096",-89.141,36.434,708,24
"00097",-89.1062,36.6323,527,24
"00098",-89.5199,36.3174,54,24
"00099",-89.181,36.6088,118,24
"00100",-89.5163,36.3177,682,24
"END",NA,NA,NA,24
