"","ID","Latitude","Longitude","SOx","CO2","NOx","Height","Diam","Velocity","Temp"
"1","10-1",32.6017,-87.7811,34091.46,3126122.3,5538.144,152.4,7.3914,86.868,284.705555555556
"2","10-2",32.6017,-87.7811,30665.058,2977010.95,5273.01,152.4,7.3914,86.868,284.705555555556
"3","1001-1",39.9239,-87.4272,34362.13,2797246.658,4619.338,152.4,5.9436,88.392,305.372222222222
"4","1001-2",39.9239,-87.4272,43279.336,3653868.564,6930.661,152.4,5.9436,88.392,305.372222222222
"5","10075-1",47.5314,-90.9111,1967.712,611774.274,1256.936,67.056,3.01752,99.06,302.30765271724
"6","10075-2",47.5314,-90.9111,1708.252,556295.669,1072.501,67.056,3.01752,99.06,302.30765271724
"7","10075-3",47.5314,-90.9111,1558.882,485164.637,932.305,67.056,3.01752,99.06,302.30765271724
"8","1008-2",38.2636,-85.8381,15157.984,813493.17,1400.834,167.64,3.7338,86.868,347.316666666667
"9","1008-4",38.2636,-85.8381,14373.937,819268.013,1363.292,167.64,3.7338,86.868,347.316666666667
"10","1010-2",39.53,-87.4247,8178.515,577898.29,1087.63,137.16,7.62,85.344,317.594444444444
"11","1010-3",39.53,-87.4247,8251.893,580078.795,1101.02,137.16,7.62,85.344,317.594444444444
"12","1010-4",39.53,-87.4247,8863.92,625217.304,1175.28,137.16,7.62,85.344,317.594444444444
"13","1010-5",39.53,-87.4247,9386.94,661132.484,1242.156,137.16,7.62,85.344,317.594444444444
"14","1010-6",39.53,-87.4247,31712.946,2261149.574,4149.924,137.16,7.62,85.344,317.594444444444
"15","1012-3",37.91,-87.3267,1548.339,2167116.983,1673.163,152.0952,6.096,39.0144,289.261111111111
"16","10343-SG-101",40.8092,-76.4539,511.788,556712.186,274.678,93.5736,2.7432,167.64,288.911111111111
"17","1040-1",39.8028,-84.8953,4284.108,253950.41,413.974,99.06,3.5814,100.584,290.916666666667
"18","1040-2",39.8028,-84.8953,7548.667,448216.953,703.91,99.06,3.5814,100.584,290.916666666667
"19","1043-1SG1",38.5201,-87.2662,8634.086,666029.265,1576.317,91.44,3.3528,85.9536,297.266666666667
"20","1043-2SG1",38.5201,-87.2662,6489.667,498559.529,1129.193,91.44,3.3528,85.9536,297.266666666667
"21","1046-1",42.506,-90.6527,1088.46,285658.3,967.463,48.1584,2.7432,106.68,279.07396704324
"22","1046-5",42.506,-90.6527,679.632,189254.65,757.697,48.1584,2.7432,106.68,279.07396704324
"23","1046-6",42.506,-90.6527,174.36,39910.025,228.941,48.1584,2.7432,106.68,279.07396704324
"24","1047-3",43.3359,-91.1672,1221.582,324759.35,1066.91,48.1584,1.7273016,105.156,325.32705152904
"25","1047-4",43.3359,-91.1672,5059.518,1588876.3,3610.589,152.0952,4.6734984,51.816,304.03614945581
"26","1048-2",41.8081,-90.2345,5325.202,1572543.425,1018.284,74.676,3.9624,106.68,318.572267030156
"27","1073-3",41.9439,-91.6386,1908.884,583942.325,1501.76,61.2648,3.7911024,137.16,270.611485059761
"28","1073-4",41.9439,-91.6386,3664.637,1218817.5,2296.164,61.2648,3.9624,100.2792,295.249467748757
"29","1077-1",42.0472,-92.8627,849.703,281938.55,456.16,75.8952,2.8956,106.68,292.255107500005
"30","1077-3",42.0472,-92.8627,1904.069,631971.55,2119.722,75.8952,3.048,99.06,317.469881104034
"31","10773-1",37.1183,-79.2726,59.706,221854.815,300.33,67.056,2.4384,47.244,298.427777777778
"32","10773-2",37.1183,-79.2726,60.541,225932.458,306.476,67.056,2.4384,47.244,298.427777777778
"33","10774-1",36.6525,-76.9953,74.712,242193.351,476.136,67.056,2.4384,60.3504,294.927777777778
"34","10774-2",36.6525,-76.9953,73.514,242962.374,478.237,67.056,2.4384,60.3504,294.927777777778
"35","108-SGU1",37.9306,-100.9725,1772.24,2801875.209,4532.549,144.4752,4.977384,56.388,320.927777777778
"36","1081-9",41.5404,-90.4483,2464.568,687411.4,905.978,105.55224,4.08432,90.5256,298.531565727152
"37","1082-1",41.18,-95.8408,1163.016,448724.35,1023.954,76.2,3.6576,97.536,277.838416588032
"38","1082-2",41.18,-95.8408,1877.192,712566.475,1448.494,76.2,3.6576,88.392,278.461950538649
"39","1082-3",41.18,-95.8408,15294.433,5728414.55,12042.397,167.64,7.62,54.864,308.216013191791
"40","1091-1",42.2996,-96.3634,3517.17,1107682.4,5480.639,68.58,2.8703016,97.536,327.075183944272
"41","1091-2",42.2996,-96.3634,6642.671,1973706.85,4020.429,91.44,4.6482,88.392,313.191378431514
"42","1091-3",42.2996,-96.3634,14083.736,4237262.2,4761.225,121.92,6.096,54.864,306.960929051663
"43","1104-1",40.7412,-91.1168,4657.658,1436451.625,1231.571,93.2688,3.5814,121.92,319.155328648132
"44","1122-7",42.0247,-93.6069,450.88,242380.425,456.523,60.96,2.4384,76.8096,290.529810244161
"45","1122-8",42.0247,-93.6069,784.172,476835.85,923.629,64.008,3.3528,73.152,286.529445877419
"46","113-1",34.9394,-110.3033,777.834,1009828.551,1679.79,76.2,3.41376,36.576,289.816666666667
"47","113-2",34.9394,-110.3033,1044.914,1971299.57,3271.519,167.64,4.48056,51.2064,320.927777777778
"48","113-3",34.9394,-110.3033,9589.86,2418879.241,3751.992,167.64,5.334,94.1832,306.816666666667
"49","113-4",34.9394,-110.3033,10614.546,3406570.436,6097.474,167.64,5.85216,36.576,303.927777777778
"50","1131-7",42.5267,-92.4394,1428.738,159931.042,630.395,16.764,0.39624,97.536,264.787457757007
"51","1167-8",41.3917,-91.0569,2709.079,711224.22,3124.127,68.58,2.6008584,106.68,312.067609084974
"52","1167-9",41.3917,-91.0569,498.91,1302538.799,1649.737,91.44,3.2004,54.864,311.005074919801
"53","1217-1",43.1606,-95.2569,2852.088,324445.489,1133.784,45.1104,2.5398984,102.108,285.438321729593
"54","1239-39",37.0719,-94.6986,3768.84,425106.3,901.642,53.34,4.17576,117.348,278.927777777778
"55","1239-40",37.0719,-94.6986,3330.829,591693.275,1229.821,53.34,4.17576,117.348,278.927777777778
"56","1241-1",38.3472,-94.6389,6650.487,4390746.676,20982.809,213.36,7.0104,38.7096,307.038888888889
"57","1241-2",38.3472,-94.6389,20973.51,5853559.94,9321.239,213.36,7.3152,85.6488,311.483333333333
"58","1250-3",39.0072,-95.2692,1455.513,485176.382,722.03,42.3672,2.740152,97.8408,285.372222222222
"59","1250-4",39.0072,-95.2692,475.243,1176852.39,1831.867,51.816,2.34696,51.816,297.038888888889
"60","1250-5",39.0072,-95.2692,1830.465,2974764.041,2597.644,108.204,5.4864,50.5968,295.927777777778
"61","1252-10",39.0522,-95.5669,3127.431,1055458.044,1941.391,64.3128,3.5052,84.7344,302.038888888889
"62","1252-9",39.0522,-95.5669,2095.899,717461.516,1412.946,64.3128,3.5052,82.6008,280.927777777778
"63","126-4",32.16,-110.9047,3712.372,888303.714,1853.681,75.5904,3.10896,87.4776,299.261111111111
"64","127-1",34.0825,-99.1753,4328.251,4829977.475,8629.549,137.7696,7.0104,36.576,309.038888888889
"65","1295-1",39.1486,-94.6405,2178.427,530826.032,2088.45,106.68,2.538984,100.584,303.15
"66","1295-2",39.1486,-94.6405,3598.667,822815.293,1303.992,106.68,3.3528,99.3648,322.594444444444
"67","130-1",33.3692,-80.1119,7213.144,8376047.995,2933.204,182.88,6.7056,45.72,302.594444444444
"68","130-2",33.3692,-80.1119,8808.589,7272698.586,2879.116,182.88,6.7056,45.72,294.261111111111
"69","1353-BSU1",38.1707,-82.6176,10606.463,1471149.666,2833.38,251.7648,8.59536,96.3168,309.816666666667
"70","1353-BSU2",38.1707,-82.6176,39491.897,5481107.134,9656.867,251.7648,8.59536,96.3168,309.816666666667
"71","1355-1",37.7889,-84.7139,8681.717,714586.133,1693.695,170.9928,8.13816,39.3192,298.772222222222
"72","1355-2",37.7889,-84.7139,13804.339,1125924.347,1607.224,170.9928,8.13816,39.3192,298.772222222222
"73","1355-3",37.7889,-84.7139,20376.384,1681110.269,2503.557,170.9928,8.13816,39.3192,298.772222222222
"74","1356-1",38.7497,-85.035,5502.756,3837498.827,4778.354,180.594,8.0772,39.3192,281.955555555556
"75","1356-2",38.7497,-85.035,13960.447,2809298.836,3735.635,177.0888,11.2776,39.3192,279.055555555556
"76","1356-3",38.7497,-85.035,15053.802,3145282.506,2584.942,177.0888,11.2776,39.3192,279.055555555556
"77","1356-4",38.7497,-85.035,15668.672,3258952.358,2810.227,180.594,8.0772,39.3192,278.033333333333
"78","1357-4",37.3636,-87.1214,9017.444,455733.355,899.54,60.0456,3.41376,91.44,289.816666666667
"79","1357-5",37.3636,-87.1214,6900.911,342179.169,655.132,75.2856,3.048,91.44,307.15
"80","136-1",29.7333,-81.6339,16518.207,5266187.975,12394.487,205.74,10.9728,39.0144,269.816666666667
"81","136-2",29.7333,-81.6339,17531.93,5635482.75,13274.707,205.74,10.9728,39.0144,269.816666666667
"82","1363-4",38.1828,-85.8894,5542.781,1191842.39,2115.016,72.8472,4.7244,38.1,277.664454673527
"83","1363-5",38.1828,-85.8894,5085.049,1107517.706,2324.635,72.8472,4.7244,36.8808,276.477272472868
"84","1363-6",38.1828,-85.8894,8233.836,1668623.296,2600.895,152.4,5.7912,38.4048,274.478901396412
"85","1364-1",38.0531,-85.91,4156.684,2068193.081,3205.198,182.88,4.7244,36.8808,290.300894805408
"86","1364-2",38.0531,-85.91,4269.952,1865822.207,2844.733,182.88,4.7244,39.0144,292.528119778215
"87","1364-3",38.0531,-85.91,7703.031,3068476.136,3280.267,182.88,5.51688,39.3192,291.800563076732
"88","1364-4",38.0531,-85.91,7902.576,3298884.929,3738.257,182.88,5.9436,36.8808,296.318049477636
"89","1374-1",37.7958,-87.0597,2236.621,1158322.257,5650.804,128.016,7.3152,36.576,287.738888888889
"90","1374-2",37.7958,-87.0597,3587.514,1593672.996,2056.613,128.016,7.3152,36.576,287.738888888889
"91","1378-1",37.2608,-86.9783,13562.566,4431469.55,11465.497,182.88,7.9248,38.1,295.694444444444
"92","1378-2",37.2608,-86.9783,17319.513,5462577.9,14124.802,182.88,7.9248,38.1,295.694444444444
"93","1378-3",37.2608,-86.9783,53519.135,4752047.075,10288.558,182.88,11.2776,40.2336,283.394444444444
"94","1379-1",37.1517,-88.775,3685.345,984841.233,1885.718,242.9256,8.50392,93.5736,301.294444444444
"95","1379-10",37.1517,-88.775,2167.921,985927.4,1733.305,242.9256,8.50392,84.4296,262.594444444444
"96","1379-2",37.1517,-88.775,3694.821,991616.372,1910.038,242.9256,8.50392,93.5736,301.294444444444
"97","1379-3",37.1517,-88.775,3568.932,953092.623,1840.687,242.9256,8.50392,93.5736,301.294444444444
"98","1379-4",37.1517,-88.775,4067.033,1090779.854,2108.112,242.9256,8.50392,93.5736,301.294444444444
"99","1379-5",37.1517,-88.775,4129.252,1107739.753,2140.382,242.9256,8.50392,93.5736,301.294444444444
"100","1379-6",37.1517,-88.775,3886.901,1128012.979,2021.865,242.9256,8.50392,93.5736,301.294444444444
"101","1379-7",37.1517,-88.775,3411.655,992204.165,1777.334,242.9256,8.50392,93.5736,301.294444444444
"102","1379-8",37.1517,-88.775,3747.195,1086238.907,1949.027,242.9256,8.50392,93.5736,301.294444444444
"103","1379-9",37.1517,-88.775,3872.164,1123741.556,2012.152,242.9256,8.50392,93.5736,301.294444444444
"104","1381-C1",37.9628,-86.7917,35975.692,2135733.7,3310.678,106.68,4.2672,91.44,288.038888888889
"105","1381-C2",37.9628,-86.7917,35513.216,2161291.25,3446.71,106.68,4.2672,105.156,289.983333333333
"106","1381-C3",37.9628,-86.7917,42137.12,2380123.45,3509.446,106.68,4.2672,87.4776,289.983333333333
"107","1382-H1",37.6472,-87.5028,2103.692,1134190.35,1573.98,106.68,4.572,40.8432,282.705555555556
"108","1382-H2",37.6472,-87.5028,2636.709,1390296.425,2133.447,106.68,4.572,42.0624,282.705555555556
"109","1383-R1",37.6467,-87.5033,17627.983,834955.725,2100.343,76.2,3.6576,97.536,271.761111111111
"110","1384-1",37,-84.5917,7783.256,660035.177,1548.64,79.248,5.42544,97.536,270.738888888889
"111","1384-2",37,-84.5917,15639.171,1327844.371,3066.044,79.248,5.42544,97.536,285.1
"112","1385-3",37.8807,-84.2634,3898.221,531321.95,1100.166,45.1104,3.68808,103.632,275.372222222222
"113","1385-4",37.8807,-84.2634,4311.322,590379.251,1219.919,45.1104,3.68808,94.1832,273.705555555556
"114","1393-6",30.2861,-93.2917,13248.499,3993861.962,4591.924,152.4,7.0104,84.4296,310.372222222222
"115","1552-1",39.3269,-76.365,15445.055,1123189.95,3982.634,107.5944,3.32232,97.536,310.927777777778
"116","1552-2",39.3269,-76.365,17585.94,1262477.475,4222.832,107.5944,3.32232,100.584,310.927777777778
"117","1554-2",39.1781,-76.5268,6698.056,918201.975,2036.203,87.4776,3.10896,100.584,310.927777777778
"118","1554-3",39.1781,-76.5268,15479.774,2283443.975,2769.705,105.4608,4.1148,96.012,314.816666666667
"119","1571-1",38.5444,-76.6861,25243.81,2267839.637,5084.907,216.1032,9.6012,88.0872,286.483333333333
"120","1571-2",38.5444,-76.6861,22853.536,2025577.663,4601.31,121.92,9.11352,30.48,289.261111111111
"121","1572-1",39.2086,-77.4644,11434.096,1030495.048,1667.785,121.92,9.11352,30.48,284.816666666667
"122","1572-2",39.2086,-77.4644,13250.079,1198509.716,1987.081,214.2744,7.62,55.1688,289.261111111111
"123","1572-3",39.2086,-77.4644,13043.082,1182222.208,1947.444,121.92,9.11352,30.48,284.816666666667
"124","1573-1",38.3592,-76.9767,38551.802,2937699.113,6737.473,213.36,5.88264,82.296,310.927777777778
"125","1573-2",38.3592,-76.9767,40929.936,3219080.055,6698.196,213.36,5.88264,82.296,310.927777777778
"126","1606-1",42.2814,-72.6053,4137.187,1154933.75,1417.19,112.776,3.849624,60.96,288.705555555556
"127","1619-1",41.7125,-71.1914,7247.271,1742082.775,1930.101,107.53344,4.4196,70.104,292.65
"128","1619-2",41.7125,-71.1914,7584.848,1817361.05,2134.989,107.53344,4.4196,70.104,292.65
"129","1619-3",41.7125,-71.1914,15112.141,3783267.775,5908.344,107.53344,5.9436,82.296,300.788888888889
"130","165-1",36.1906,-95.2889,14277.228,4045848.496,8226.847,153.924,6.096,93.2688,314.316666666667
"131","165-2",36.1906,-95.2889,4113.707,4289834.964,7300.553,153.924,5.54736,91.44,292.013888888889
"132","1710-1",42.9103,-86.2036,8375.224,2185429.159,2562.108,121.92,5.7912,84.7344,325.927777777778
"133","1710-2",42.9103,-86.2036,18339.62,4439016.732,5639.652,121.92,5.7912,84.7344,325.927777777778
"134","1710-3",42.9103,-86.2036,46183.648,12056957.6,22410.48,195.6816,8.3058,91.1352,301.316666666667
"135","1723-1",41.7917,-83.4486,6962.096,1827180.5,2137.13,90.5256,3.3528,87.7824,291.316666666667
"136","1723-2",41.7917,-83.4486,7286.926,1901291.85,2337.164,90.5256,3.3528,86.868,291.316666666667
"137","1723-3",41.7917,-83.4486,7338.148,1892018.35,2082.686,90.5256,3.62712,87.1728,294.427777777778
"138","1731-1",43.8519,-82.6436,2018.983,390424.797,1078.155,91.44,2.8956,85.344,315.927777777778
"139","1733-1",41.8917,-83.3461,27563.224,4558905.556,8273.922,245.364,8.5344,82.296,326.483333333333
"140","1733-2",41.8917,-83.3461,23486.665,3829113.839,6830.026,176.4792,8.5344,36.576,287.705555555556
"141","1733-3",41.8917,-83.3461,28897.002,4725291.435,9993.754,176.4792,8.5344,36.576,287.705555555556
"142","1733-4",41.8917,-83.3461,30358.865,4999978.879,10296.332,176.4792,8.5344,36.576,287.705555555556
"143","1740-2",42.2733,-83.1131,6937.632,1631576.698,1893.939,117.348,3.7338,90.8304,337.65
"144","1740-3",42.2733,-83.1131,5064.362,1240723.104,2037.758,129.54,3.910584,97.536,344.205555555556
"145","1743-1",42.7625,-82.4722,3104.665,851004.672,2842.969,182.5752,4.062984,100.584,305.261111111111
"146","1743-2",42.7625,-82.4722,3188.726,865381.487,1565.156,182.5752,4.062984,100.584,305.261111111111
"147","1743-3",42.7625,-82.4722,3205.012,842259.083,1527.105,182.5752,4.062984,100.584,305.261111111111
"148","1743-4",42.7625,-82.4722,3412.86,983289.552,1664.623,182.5752,4.062984,100.584,305.261111111111
"149","1743-6",42.7625,-82.4722,11471.138,1839771.818,1346.5,129.54,4.0386,91.44,328.15
"150","1743-7",42.7625,-82.4722,15855.662,2420595.344,1997.597,182.5752,4.8768,93.5736,336.483333333333
"151","1745-9A",42.1236,-83.1811,16400.139,2787651.044,2328.995,171.6024,4.8768,85.344,333.15
"152","1769-5",46.5789,-87.395,4029.801,596868.777,1108.674,121.92,2.7432,100.2792,273.427777777778
"153","1769-6",46.5789,-87.395,3712.961,549820.997,1051.032,121.92,2.7432,95.4024,275.15
"154","1769-7",46.5789,-87.395,3018.652,1200217.473,2433.789,124.968,2.8956,88.392,280.205555555556
"155","1769-8",46.5789,-87.395,2517.115,986352.479,1895.292,124.968,2.8956,91.44,281.15
"156","1769-9",46.5789,-87.395,2408.176,950556.055,1884.952,124.968,2.8956,91.7448,281.372222222222
"157","1825-3",43.0722,-86.2342,1051.97,469530.75,602.407,109.728,2.5908,48.768,336.983333333333
"158","1830-5",42.7956,-86.1133,874.462,197460.316,383.121,60.96,2.185416,97.536,272.205555555556
"159","1832-1",42.6919,-84.6572,3104.676,1223001.801,1218.042,144.78,5.1816,102.108,289.038888888889
"160","1843-3",46.5314,-87.3917,225.902,359175.2,274.795,106.68,2.7432,64.008,285.038888888889
"161","1866-7",42.2081,-83.1453,1155.472,285269.769,504.951,64.9224,2.7941016,106.68,270.261111111111
"162","1866-8",42.2081,-83.1453,373.181,191858.997,151.4,65.532,1.8288,88.392,273.594444444444
"163","1891-1",47.5306,-92.1619,939.766,527538.786,1313.055,91.44,3.2004,41.4528,281.764019799946
"164","1891-2",47.5306,-92.1619,901.144,508603.134,1261.999,91.44,3.2004,41.4528,281.764019799946
"165","1893-1",47.2603,-93.6531,2569.952,551335.284,1107.449,213.36,8.8392,53.34,283.801402679215
"166","1893-2",47.2603,-93.6531,2549.729,547280.17,1098.113,213.36,8.8392,53.34,283.801402679215
"167","1893-3",47.2603,-93.6531,11363.272,2474786.332,4556.398,213.36,8.8392,53.34,283.801402679215
"168","1893-4",47.2603,-93.6531,3479.203,4607426.814,7724.13,182.88,6.096,48.1584,320.747310686483
"169","1904-3",44.8108,-93.2501,1197.911,667507.197,2443.978,182.88,6.858,105.7656,305.686930687706
"170","1904-4",44.8108,-93.2501,2577.291,1444911.253,5255.579,182.88,6.858,105.7656,305.686930687706
"171","1915-1",45.03,-92.7786,23365.944,3009374.725,10675.556,239.268,5.6388,51.5112,308.461944755911
"172","1943-2",46.29,-96.0428,1468.801,500196.225,1036.061,68.58,4.08432,100.584,306.216016370598
"173","1943-3",46.29,-96.0428,1922.172,656986.175,1159.083,68.58,4.08432,100.584,306.216016370598
"174","1961-NEPP",43.7014,-92.9626,2513.685,210310.4,476.492,47.8536,1.8288,94.488,300.260953841315
"175","2008-4",44.0281,-92.4597,1575.082,204487.773,435.534,91.44,2.40792,47.244,295.987442463503
"176","2049-4",30.4408,-89.0265,8798.245,1499235.15,3637.026,106.68,4.93776,87.4776,289.761111111111
"177","2049-5",30.4408,-89.0265,14427.466,2653930.4,7946.108,121.92,6.4008,95.7072,306.205555555556
"178","207-1",30.4311,-81.5508,17949.973,8594375.793,17679.53,195.072,6.79704,47.5488,298.038888888889
"179","207-2",30.4311,-81.5508,21983.544,10253919.216,19281.956,195.072,6.79704,47.5488,295.65
"180","2076-1",37.3596,-94.5913,23929.868,3147758.85,11064.564,123.444,3.9624,89.0016,298.15
"181","2079-5A",39.1306,-94.4778,2140.862,4258456.825,1514.99,92.0496,6.199632,86.2584,323.761111111111
"182","2080-1",38.3108,-93.9331,5270.594,1329384.787,2182.363,137.16,3.62712,94.488,318.611111111111
"183","2080-2",38.3108,-93.9331,5280.155,1369600.99,2237.233,137.16,5.09016,91.1352,318.983333333333
"184","2080-3",38.3108,-93.9331,5152.78,1308617.701,2116.334,137.16,5.09016,91.1352,318.983333333333
"185","2094-1",39.1778,-94.1861,1504.187,340972.978,1008.401,212.1408,4.1148,83.82,313.605555555556
"186","2094-2",39.1778,-94.1861,1615.07,350388.15,1125.357,212.1408,4.1148,83.82,313.605555555556
"187","2094-3",39.1778,-94.1861,10675.697,2349036.522,6966.557,212.1408,4.1148,83.82,313.605555555556
"188","2098-6",39.7246,-94.8773,2613.17,715537.243,2439.028,68.58,3.048,95.7072,270.627777777778
"189","2103-1",38.5583,-90.8361,12783.905,4008810.325,2155.252,213.36,6.2484,103.632,306.483333333333
"190","2103-2",38.5583,-90.8361,13672.378,4268902.1,2324.432,213.36,6.2484,103.632,306.483333333333
"191","2103-3",38.5583,-90.8361,14861.411,4571885.45,2578.856,213.36,6.2484,103.632,306.483333333333
"192","2103-4",38.5583,-90.8361,14184.69,4440039.275,2469.857,213.36,6.2484,103.632,306.483333333333
"193","2104-1",38.4017,-90.3358,3041.436,1143172.675,685.26,76.2,3.3528,99.3648,311.833333333333
"194","2104-2",38.4017,-90.3358,2919.525,1104841.85,561.693,76.2,3.3528,99.3648,310.444444444444
"195","2104-3",38.4017,-90.3358,5877.117,2171715.475,4431.523,106.68,4.2672,105.156,330.594444444444
"196","2104-4",38.4017,-90.3358,6175.369,2243636.5,2068.193,106.68,4.8768,113.9952,323.861111111111
"197","2107-1",38.9158,-90.2917,23595.395,2882678.025,3589.882,151.3332,7.19328,42.3672,281.35
"198","2107-2",38.9158,-90.2917,27666.059,3566105.025,4886.684,151.3332,7.19328,41.7576,281.394444444444
"199","2123-6",38.9658,-92.3175,399.226,40679.141,111.546,91.44,2.4384,100.584,283.333333333333
"200","2123-7",38.9658,-92.3175,594.132,61911.359,166,91.44,2.4384,100.584,283.333333333333
"201","2132-3",39.0919,-94.3261,5318.784,229922.156,326.937,76.2,2.04216,99.3648,307.361111111111
"202","2161-3",37.1086,-93.2592,914.688,373413.009,683.136,60.96,3.6576,91.44,267.488888888889
"203","2161-4",37.1086,-93.2592,1216.433,489723.789,1014.195,60.96,3.6576,91.44,269.783333333333
"204","2161-5",37.1086,-93.2592,2026.258,822222.918,1493.074,106.68,2.538984,109.728,307.05
"205","2167-1",36.5147,-89.5617,7035.634,3542569.152,17719.583,243.84,6.096,98.4504,293.244444444444
"206","2167-2",36.5147,-89.5617,6664.523,3688131.308,14520.327,243.84,6.096,106.9848,294.261111111111
"207","2168-MB1",39.5531,-92.6392,2996.732,1437579.637,4169.857,125.2728,5.285232,96.9264,285.5
"208","2168-MB2",39.5531,-92.6392,4259.449,2070079.61,6181.59,121.92,5.285232,96.012,285.633333333333
"209","2168-MB3",39.5531,-92.6392,9991.083,5076656.86,6119.929,189.5856,9.32688,90.8304,287.777777777778
"210","2187-2",45.7747,-108.4803,2874.487,1268273.65,1655.508,106.68,3.5052,82.296,319.538888888889
"211","2240-8",41.4275,-96.4619,1332.142,573829.822,576.828,53.6448,2.441448,91.44,255.724055555556
"212","2277-1",40.5589,-96.7842,2418.627,1013897.48,4795.095,53.0352,3.53568,92.6592,295.927777777778
"213","2277-2",40.5589,-96.7842,2459.597,1057476.561,4405.174,53.0352,3.53568,92.6592,295.927777777778
"214","2291-1",41.3297,-95.9458,1839.653,437446.132,683.327,62.1792,4.4196,91.44,322.038888888889
"215","2291-2",41.3297,-95.9458,3018.589,723480.318,1137.27,62.1792,4.4196,91.44,322.038888888889
"216","2291-3",41.3297,-95.9458,2999.44,718377.359,1130.004,62.1792,4.4196,91.44,322.038888888889
"217","2291-4",41.3297,-95.9458,3759.771,867433,1305.412,62.1792,2.92608,91.44,322.594444444444
"218","2291-5",41.3297,-95.9458,5087.07,1210869.375,1982.57,62.1792,3.5052,91.44,322.038888888889
"219","2324-1",36.6531,-114.6364,186.87,974563.2,1780.582,60.96,4.102608,91.44,287.924881353096
"220","2324-2",36.6531,-114.6364,224.022,961731.95,1861.089,73.152,3.843528,91.44,292.461332667245
"221","2324-3",36.6531,-114.6364,270.386,1031675.975,1440.373,82.296,3.928872,91.44,290.867514421328
"222","2324-4",36.6531,-114.6364,1412.475,2285140.25,3933.081,152.4,6.4599312,44.196,285.937877309419
"223","2364-1",43.1411,-71.4692,10819.232,1051642.295,1748.091,69.1896,2.5908,97.536,338.261111111111
"224","2364-2",43.1411,-71.4692,22947.75,2441422.692,3281.685,97.2312,4.4196,106.68,312.094444444444
"225","2367-4",43.0978,-70.7842,2680.531,444011.904,641.276,68.8848,2.4384,106.68,294.594444444444
"226","2367-5",43.0978,-70.7842,2566.412,413469.826,524.475,69.1896,2.4384,96.6216,301.372222222222
"227","2367-6",43.0978,-70.7842,2528.063,414325.397,582.485,68.8848,2.4384,106.68,294.594444444444
"228","2378-2",39.29,-74.6339,942.853,905195.272,2130.33,144.78,4.572,88.392,293.705555555556
"229","2403-2",40.7478,-74.0719,23960.218,3847174.546,8581.675,151.7904,5.334,79.248,347.808347415399
"230","2408-1",40.1797,-74.7325,8723.272,1781981.652,4230.683,99.3648,5.334,91.44,305.441789881133
"231","2408-2",40.1797,-74.7325,8019.406,1594867.938,3723.996,99.3648,5.334,91.44,305.441789881133
"232","2442-4",36.69,-108.4814,4537.961,5621337.257,12732.674,115.824,8.6868,42.672,298.915
"233","2442-5",36.69,-108.4814,4613.787,5250989.07,12267.526,115.824,8.6868,42.672,288.705555555556
"234","2451-1",36.8006,-108.4386,2822.937,2663210.725,5484.64,121.92,6.096,38.7096,296.65
"235","2451-2",36.8006,-108.4386,2539.758,2514875.7,5528.085,121.92,6.096,38.7096,294.65
"236","2451-3",36.8006,-108.4386,5579.589,4029543.25,7967.004,121.92,8.5344,39.0144,287.816666666667
"237","2451-4",36.8006,-108.4386,5627.176,3889780.375,7829.283,121.92,8.5344,39.0144,287.816666666667
"238","2480-3",41.5736,-73.9747,3800.525,856235.85,1097.72,73.152,2.86512,92.0496,305.372222222222
"239","2480-4",41.5736,-73.9747,6258.17,1358294.6,1903.629,73.152,3.84048,92.6592,305.372222222222
"240","2554-2",42.49,-79.35,9559.963,1386564.041,1313.72,95.0976,0.70104,56.6928,291.483333333333
"241","26-1",33.2442,-86.4567,16572.331,1607214.511,3099.464,228.6,10.1346,83.5152,277.372222222222
"242","26-2",33.2442,-86.4567,16975.818,1639533.889,3211.351,228.6,10.1346,83.5152,277.372222222222
"243","26-3",33.2442,-86.4567,18683.468,1756450.907,3816.768,228.6,10.11936,79.248,288.261111111111
"244","26-4",33.2442,-86.4567,20770.808,1966619.893,4257.209,228.6,10.11936,79.248,288.261111111111
"245","26-5",33.2442,-86.4567,54655.983,5264229.2,10987.523,230.124,10.3632,90.5256,287.483333333333
"246","2682-10",42.0917,-79.2417,757.23,53893.025,112.311,59.436,2.1336,21.9456,291.483333333333
"247","2706-1",35.4714,-82.5431,6883.753,1211426.625,2659.305,99.6696,5.0292,37.7952,286.95
"248","2706-2",35.4714,-82.5431,8655.149,1318525.25,2054.905,99.6696,5.0292,36.8808,286.527777777778
"249","2712-1",36.4833,-79.0731,18806.974,2603581.05,3786.448,121.92,6.7056,38.4048,281.261111111111
"250","2712-2",36.4833,-79.0731,28210.505,3804664.325,4369.486,121.92,8.6868,38.4048,283.316666666667
"251","2718-1",35.1897,-81.0122,4910.499,680111.532,846.522,111.252,8.9916,36.576,285.927777777778
"252","2718-2",35.1897,-81.0122,6132.838,830653.724,982.713,111.252,8.9916,36.576,285.927777777778
"253","2718-3",35.1897,-81.0122,11884.265,1605101.102,2169.994,111.252,8.9916,36.576,285.927777777778
"254","2718-4",35.1897,-81.0122,11729.637,1626861.928,2297.197,111.252,8.9916,36.576,285.927777777778
"255","2718-5",35.1897,-81.0122,10767.073,1481468.593,2028.06,111.252,8.9916,36.576,285.927777777778
"256","2721-5",35.22,-81.7594,23308.517,3234153.07,2616.558,175.26,7.62,35.9664,286.611111111111
"257","2727-1",35.5975,-80.9658,18007.019,2354346.475,3070.777,96.012,8.9916,36.576,285.927777777778
"258","2727-2",35.5975,-80.9658,18919.377,2467683.079,3399.567,96.012,8.9916,36.576,285.927777777778
"259","2727-3",35.5975,-80.9658,30534.666,4096740.149,5391.535,96.012,8.9916,36.576,285.927777777778
"260","2727-4",35.5975,-80.9658,33079.303,4412504.637,5672.593,96.012,8.9916,36.576,285.927777777778
"261","2790-B2",46.8669,-100.8839,5420.97,1240700.162,1523.644,91.44,3.6576,92.0496,289.631444444444
"262","2817-1",47.2819,-101.3194,24910.996,2988515.925,4288.238,106.68,5.727192,91.44,265.394685092221
"263","2817-2",47.2819,-101.3194,61773.19,7789170.15,20481.922,106.68,5.727192,91.44,265.394685092221
"264","2823-B1",47.0664,-101.2139,19449.657,2192180.988,8457.561,91.44,5.7912,102.108,294.261111111111
"265","2823-B2",47.0664,-101.2139,9956.996,3955522.594,15222.962,167.64,7.62,54.2544,289.261111111111
"266","2824-1",47.2872,-101.3314,2565.349,971595.35,1302.923,77.724,4.572,91.44,263.235718329795
"267","2824-10",47.2872,-101.3314,139.147,548331.375,864.777,77.724,4.572,91.44,263.235718329795
"268","2828-1",40.2522,-80.6486,46714.095,3308461.775,4854.372,304.8,8.86968,39.624,283.090975019083
"269","2828-2",40.2522,-80.6486,41530.022,3461970.85,4528.787,304.8,8.86968,39.624,283.090975019083
"270","2828-3",40.2522,-80.6486,27603.52,4104374.65,6466.745,128.9304,7.3152,35.3568,283.15
"271","2830-5",38.9917,-84.2981,15054.188,1257888.325,2275.006,137.16,5.7912,91.44,328.146533181204
"272","2830-6",38.9917,-84.2981,30020.143,2464641.575,3657.702,137.16,5.7912,91.44,328.146533181204
"273","2832-6",39.1131,-84.8031,19990.322,1191914.089,3289.625,179.832,5.1816,78.6384,285.023564797469
"274","2832-7",39.1131,-84.8031,37418.721,2764687.65,5445.367,243.84,7.1628,39.624,293.283569643839
"275","2832-8",39.1131,-84.8031,15843.706,3398871.125,5715.212,243.84,7.1628,39.624,293.283569643839
"276","2835-7",41.9086,-80.7697,4176.393,1551877.775,1599.176,113.6904,5.1816,77.724,283.941994749692
"277","2836-10",41.5042,-82.05,4748.379,394390.726,683.234,159.7152,3.2004,115.824,305.792597968652
"278","2836-12",41.5042,-82.05,37773.889,3183773.859,6196.427,182.88,7.3152,94.488,283.76867640265
"279","2837-1",41.6713,-81.4432,6623.53,834820.675,1128.859,164.592,3.6576,79.248,276.42343958874
"280","2837-2",41.6713,-81.4432,4423.938,713152.875,860.345,164.592,3.6576,79.248,276.42343958874
"281","2837-3",41.6713,-81.4432,6045.099,709549.5,897.741,164.592,3.6576,79.248,276.42343958874
"282","2838-18",41.5356,-81.6419,3002.144,1154219.1,1853.913,97.536,5.1816,93.5736,292.104787110298
"283","2840-4",40.1842,-81.8811,80980.933,4594348.125,9580.226,243.84,9.948672,88.392,284.711685235361
"284","2840-5",40.1842,-81.8811,5932.66,2517934.749,4979.072,243.84,7.9248,38.1,298.993652349066
"285","2840-6",40.1842,-81.8811,4671.447,2062061.226,4287.311,243.84,7.9248,38.1,298.993652349066
"286","2850-1",38.6361,-83.6939,49083.148,6419224.776,9239.556,243.84,7.9248,38.7096,290.269366344636
"287","2850-2",38.6361,-83.6939,55621.668,7060037.332,13039.25,243.84,7.9248,38.7096,290.269366344636
"288","2850-3",38.6361,-83.6939,47778.404,5951583.546,12191.842,243.84,7.9248,38.7096,290.269366344636
"289","2850-4",38.6361,-83.6939,59967.716,8204997.866,14370.758,243.84,5.7912,88.392,320.719782961146
"290","2866-1",40.5308,-80.6311,8907.399,1309990.727,1798.984,259.08,16.88592,35.3568,278.547923816708
"291","2866-2",40.5308,-80.6311,9030.258,1329154.073,1818.134,259.08,16.88592,35.3568,278.547923816708
"292","2866-3",40.5308,-80.6311,6449.221,941907.624,2353.102,259.08,16.88592,35.3568,278.547923816708
"293","2866-4",40.5308,-80.6311,7087.63,1062064.877,2441.349,259.08,16.88592,35.3568,278.547923816708
"294","2866-5",40.5308,-80.6311,13520.206,2002208.075,3098.104,259.08,16.88592,35.3568,278.547923816708
"295","2866-6",40.5308,-80.6311,28009.978,3683499.475,5738.054,259.08,16.88592,35.3568,278.547923816708
"296","2866-7",40.5308,-80.6311,33561.436,5072481.025,7907.966,259.08,16.88592,35.3568,278.547923816708
"297","2872-3",39.5908,-81.6797,20300.266,864042.533,2336.664,252.3744,7.62,96.012,318.236105138004
"298","2872-4",39.5908,-81.6797,21237.395,901808.462,2551.167,252.3744,7.62,96.012,318.236105138004
"299","2872-5",39.5908,-81.6797,51089.547,3552387.975,5796.855,252.3744,6.7056,96.012,306.549893550444
"300","2876-1",38.9161,-82.1281,25515.072,2730137.278,6361.845,255.4224,9.20496,39.624,283.297392530958
"301","2876-2",38.9161,-82.1281,25917.541,2764895.475,6509.322,255.4224,7.52856,39.624,283.202955652582
"302","2876-3",38.9161,-82.1281,24127.765,2581600.724,5822.103,255.4224,9.20496,39.624,283.297392530958
"303","2876-4",38.9161,-82.1281,25463.661,2762806.416,6423.175,255.4224,7.52856,39.624,283.202955652582
"304","2876-5",38.9161,-82.1281,25653.823,2727659.114,6476.686,255.4224,9.20496,39.624,283.297392530958
"305","2917-9",39.4083,-84.5625,1252.31,295025.539,442.321,50.5968,3.13944,99.06,279.387404620534
"306","2952-4",35.7617,-95.2847,7860.681,3405861.383,4884.502,106.68,7.3152,80.4672,286.579444444444
"307","2952-5",35.7617,-95.2847,8406.431,3474581.576,5288.37,106.68,7.3152,80.4672,286.579444444444
"308","2952-6",35.7617,-95.2847,9504.589,4032973.386,7125.404,152.4,6.5532,80.4672,300.666666666667
"309","2963-3313",36.4317,-95.7008,16725.303,3803412.607,7172.794,182.88,8.2296,76.2,280.538888888889
"310","2963-3314",36.4317,-95.7008,14145.032,3287704.818,6213.213,182.88,8.2296,76.2,280.538888888889
"311","298-LIM1",31.4219,-96.2525,18385.764,13205743.75,12383.934,137.16,8.19912,76.2,305.316666666667
"312","298-LIM2",31.4219,-96.2525,17159.544,13766326.35,11836.186,137.16,8.19912,76.2,305.316666666667
"313","3-1",31.0069,-88.0103,4221.378,972847.977,1643.508,182.88,7.821168,91.44,291.816666666667
"314","3-2",31.0069,-88.0103,4874.94,1113759.947,1871.171,182.88,7.821168,91.44,291.816666666667
"315","3-3",31.0069,-88.0103,8314.775,1918954.023,3211.39,182.88,7.821168,91.44,291.816666666667
"316","3-4",31.0069,-88.0103,11203.51,2638482.325,3377.867,182.88,4.169664,89.3064,331.011111111111
"317","3-5",31.0069,-88.0103,25031.53,5724402.3,9023.963,182.88,7.62,98.1456,306.65
"318","3113-1",40.91,-75.0789,11055.697,828518.725,1082.279,121.3104,3.13944,88.6968,316.617777777778
"319","3118-1",40.3842,-79.0611,6511.832,11787600.296,19103.064,160.02,8.5344,37.7952,295.983888888889
"320","3118-2",40.3842,-79.0611,7842.292,13430563.52,20223.532,160.02,8.5344,37.7952,295.983888888889
"321","3122-1",40.511,-79.1968,62625.637,4237373.666,4917.251,243.84,7.3152,94.488,302.818888888889
"322","3122-2",40.511,-79.1968,66978.198,4602978.977,6188.756,243.84,7.3152,94.488,302.818888888889
"323","3122-3",40.511,-79.1968,2418.93,4568634.046,7150.116,260.2992,8.2296,38.1,290.26
"324","3130-1",40.4081,-79.0339,3874.756,1578259.728,719.647,182.88,5.27304,50.292,313.355
"325","3130-2",40.4081,-79.0339,3744.151,1550667.737,726.35,182.88,5.27304,50.292,313.355
"326","3131-1",41.067,-78.3656,10551.659,749405.919,1666.239,182.88,3.81,87.1728,355.096666666667
"327","3131-2",41.067,-78.3656,9469.086,660564.398,1467.703,182.88,3.81,87.1728,355.096666666667
"328","3131-3",41.067,-78.3656,13681.601,1013092.77,1899.893,260.2992,5.7912,74.0664,306.573888888889
"329","3131-4",41.067,-78.3656,13273.954,980838.44,1850.784,260.2992,5.7912,74.0664,306.573888888889
"330","3136-1",40.6604,-79.3411,183555.844,13322457.6,13787.34,171.6024,10.3632,38.7096,283.698333333333
"331","3136-2",40.6604,-79.3411,173978.61,12578895.504,14209.282,171.6024,10.3632,38.7096,283.698333333333
"332","3138-3",40.9378,-80.3681,5526.828,442569.949,645.02,228.6,5.82168,91.44,340.459444444444
"333","3138-4",40.9378,-80.3681,5274.37,417013.334,651.194,228.6,5.82168,91.44,340.459444444444
"334","3138-5",40.9378,-80.3681,8153.472,638215.655,1235.431,228.6,5.82168,91.44,340.459444444444
"335","3140-1",40.097,-76.6962,44743.708,3854403.64,5979.406,137.16,5.97408,39.624,341.594444444444
"336","3140-2",40.097,-76.6962,45455.058,3932968.554,6203.8,137.16,5.97408,39.624,341.594444444444
"337","3140-3",40.097,-76.6962,119004.518,10253959.446,15675.86,159.7152,9.35736,39.624,285.903888888889
"338","3149-1",41.0714,-76.6672,240250.868,18188646.62,22388.272,182.88,6.096,88.392,300.905
"339","3149-2",41.0714,-76.6672,135065.21,10075014.362,14581.112,182.88,6.096,88.392,304.769444444444
"340","3152-1A",40.8361,-76.825,3287.464,314618.643,313.695,91.44,4.572,99.06,279.98
"341","3152-1B",40.8361,-76.825,3606.245,328703.209,328.988,91.44,4.572,99.06,279.98
"342","3152-2A",40.8361,-76.825,3585.182,325443.289,347.479,91.44,4.572,99.06,279.98
"343","3264-1",34.6022,-82.435,2913.982,414059.027,828.343,64.9224,2.4384,115.5192,295.872222222222
"344","3264-2",34.6022,-82.435,2487.32,350381.468,683.849,64.9224,2.4384,115.5192,295.927777777778
"345","3264-3",34.6022,-82.435,5818.427,829783.664,891.572,64.9224,2.7432,98.4504,315.372222222222
"346","3287-MCM1",34.0533,-81.2178,6993.028,873887.92,1500.746,124.968,3.9624,85.344,285.372222222222
"347","3287-MCM2",34.0533,-81.2178,7433.832,946699.9,1645.648,124.968,3.9624,85.344,284.261111111111
"348","3295-URQ3",33.435,-81.9111,5953.456,641841.372,889.594,60.96,4.7244,91.44,275.705555555556
"349","3297-WAT1",33.8264,-80.6218,20182.586,2582073.518,3838.251,91.44,5.7912,74.3712,297.594444444444
"350","3297-WAT2",33.8264,-80.6218,17591.389,2224486.943,2852.181,91.44,5.7912,75.5904,297.594444444444
"351","3298-WIL1",33.0163,-79.9285,28062.512,4939569.107,6849.073,121.92,7.9248,39.0144,287.538888888889
"352","3393-1",35.0742,-90.1439,8136.431,1826467.65,4070.711,121.92,3.87096,84.4296,344.816666666667
"353","3393-2",35.0742,-90.1439,8170.031,1772215.6,4289.2,121.92,3.87096,84.4296,344.816666666667
"354","3393-3",35.0742,-90.1439,7575.945,1739246.95,4130.778,121.92,3.87096,84.4296,344.816666666667
"355","3396-1",36.0211,-84.1567,37533.714,6584728.575,11487.599,152.4,10.2108,38.4048,283.15
"356","3399-1",36.3903,-87.6539,7747.492,8075947.775,13503.919,193.548,11.7348,36.2712,291.205555555556
"357","3399-2",36.3903,-87.6539,9725.878,8807502.175,13682.074,193.548,11.7348,36.2712,291.205555555556
"358","3403-1",36.3156,-86.4006,6166.922,1791025.945,1994.386,152.8572,7.62,89.916,295.038888888889
"359","3403-2",36.3156,-86.4006,5907.581,1716946.955,1894.081,152.8572,7.62,89.916,295.038888888889
"360","3403-3",36.3156,-86.4006,6866.908,1978987.906,2254.826,152.8572,7.62,85.6488,300.15
"361","3403-4",36.3156,-86.4006,6955.431,2014438.494,2304.523,152.8572,7.62,85.6488,300.15
"362","3406-1",36.0278,-87.9861,6805.729,774357.749,1607.049,182.88,9.8298,92.964,331.483333333333
"363","3406-10",36.0278,-87.9861,8386.082,954855.971,1992.611,182.88,9.8298,92.964,331.483333333333
"364","3406-2",36.0278,-87.9861,7481.26,855989.388,1784.012,182.88,9.8298,92.964,331.483333333333
"365","3406-3",36.0278,-87.9861,7836.22,892121.567,1862.91,182.88,9.8298,92.964,331.483333333333
"366","3406-4",36.0278,-87.9861,7303.68,832329.139,1737.127,182.88,9.8298,92.964,331.483333333333
"367","3406-5",36.0278,-87.9861,5897.968,686392.471,1440.789,182.88,9.8298,92.964,331.483333333333
"368","3406-6",36.0278,-87.9861,6977.814,796217.147,1670.079,182.88,9.8298,92.964,331.483333333333
"369","3406-7",36.0278,-87.9861,7322.709,802173.076,1701.373,182.88,9.8298,92.964,331.483333333333
"370","3406-8",36.0278,-87.9861,8212.575,930650.957,1955.109,182.88,9.8298,92.964,331.483333333333
"371","3406-9",36.0278,-87.9861,8374.361,953937.956,1994.475,182.88,9.8298,92.964,331.483333333333
"372","3407-1",35.8992,-84.5194,5782.834,1057052.904,1594.107,304.8,7.9248,92.6592,318.705555555556
"373","3407-2",35.8992,-84.5194,5672.214,1036682.804,1553.976,121.92,9.144,39.9288,286.538888888889
"374","3407-3",35.8992,-84.5194,5200.237,956828.833,1291.409,304.8,7.9248,92.6592,318.705555555556
"375","3407-4",35.8992,-84.5194,5699.965,1043506.511,1588.965,121.92,9.144,39.9288,286.538888888889
"376","3407-5",35.8992,-84.5194,6530.4,1208713.582,1805.476,121.92,9.144,39.9288,286.538888888889
"377","3407-6",35.8992,-84.5194,6003.023,1109638.441,1406.193,304.8,7.9248,98.1456,309.816666666667
"378","3407-7",35.8992,-84.5194,7474.99,1375141.047,1752.016,304.8,7.9248,92.6592,318.705555555556
"379","3407-8",35.8992,-84.5194,7257.104,1335467.269,1693.909,121.92,9.144,39.9288,286.538888888889
"380","3407-9",35.8992,-84.5194,6586.989,1205552.092,1632.348,304.8,7.9248,98.1456,309.816666666667
"381","3470-WAP5",29.4828,-95.6311,17331.982,5126742.262,1056.555,182.88,7.3152,100.584,312.594444444444
"382","3470-WAP6",29.4828,-95.6311,18915.415,5421614.584,1130.414,182.88,7.3152,100.584,312.594444444444
"383","3470-WAP7",29.4828,-95.6311,15952.962,4716443,1017.933,152.4,6.7056,100.584,312.594444444444
"384","3470-WAP8",29.4828,-95.6311,3090.054,4671976.813,934.937,152.4,6.7056,51.816,302.038888888889
"385","3497-1",31.8206,-96.0561,96108.772,11222677.798,7377.48,121.92,6.5532,76.2,298.538888888889
"386","3497-2",31.8206,-96.0561,85546.444,9923780.37,6631.594,121.92,6.5532,76.2,298.538888888889
"387","3644-1",39.7272,-110.8644,2089.009,583705.947,1268.765,60.96,3.13944,69.4944,274.927777777778
"388","3644-2",39.7272,-110.8644,3321.098,963862.43,2133.553,52.4256,3.81,86.2584,277.483333333333
"389","3775-1",36.9333,-82.1997,9218.846,1281496.888,2557.857,137.16,4.75488,85.344,312.094444444444
"390","3775-2",36.9333,-82.1997,8895.339,1220885.087,2396.99,137.16,4.75488,85.344,312.094444444444
"391","3775-3",36.9333,-82.1997,8199.296,1185710.925,2385.853,137.16,3.81,83.82,306.483333333333
"392","3776-51",37.3704,-80.8639,1484.664,219477.8,416.266,66.56832,5.1816,92.964,279.872222222222
"393","3776-52",37.3704,-80.8639,1549.816,231078.575,417.965,66.56832,5.1816,92.964,279.872222222222
"394","3776-6",37.3704,-80.8639,9367.786,1341923.125,3154.51,132.588,3.44424,85.344,329.816666666667
"395","3796-3",37.7089,-78.2878,3378.208,495885.9,1603.838,60.96,3.6576,95.7072,278.427777777778
"396","3796-4",37.7089,-78.2878,7520.252,1117265.4,1997.006,60.96,4.572,80.4672,280.261111111111
"397","3797-3",37.3822,-77.3833,5876.449,652118.525,1271.906,60.96,3.9624,87.7824,280.927777777778
"398","3797-4",37.3822,-77.3833,10662.99,1207306.1,1738.568,60.96,3.9624,98.7552,295.927777777778
"399","3797-5",37.3822,-77.3833,19093.701,2124951.575,2245.695,60.96,5.1816,80.772,294.816666666667
"400","3797-6",37.3822,-77.3833,42744.365,4672230.275,5582.732,127.7112,6.096,80.4672,310.927777777778
"401","3803-1",36.7711,-76.3019,4511.062,699138.225,1381.524,53.34,3.9624,87.1728,287.65
"402","3803-2",36.7711,-76.3019,5209.456,796132.725,1761.759,53.34,3.9624,86.2584,287.094444444444
"403","3803-3",36.7711,-76.3019,8452.185,1139029.25,1497.928,60.96,3.6576,86.5632,293.838888888889
"404","3803-4",36.7711,-76.3019,11995.146,1579480.75,2366.339,60.96,4.2672,69.4944,294.261111111111
"405","3809-1",37.2144,-76.4611,11079.792,1064898.069,2062.752,98.7552,5.1816,80.4672,315.094444444444
"406","3809-2",37.2144,-76.4611,11635.699,1117731.983,2144.318,98.7552,5.1816,80.4672,315.094444444444
"407","3845-BW21",46.7559,-122.8578,1704.446,5967401.469,8094.582,143.256,9.08304,41.148,289.900731662113
"408","3845-BW22",46.7559,-122.8578,1648.809,6550100.192,9029.511,143.256,9.08304,41.148,289.900731662113
"409","3935-1",38.4731,-81.8233,26869.589,4203613.135,4902.311,275.2344,10.287,39.0144,283.15
"410","3935-2",38.4731,-81.8233,31550.077,4969466.889,8317.113,275.2344,10.287,39.0144,283.15
"411","3935-3",38.4731,-81.8233,53992.617,8625134.525,21400.391,275.2344,12.954,39.0144,283.261111111111
"412","3936-1",38.2056,-81.4211,6950.692,1102321.779,1999.215,99.06,5.97408,96.3168,292.038888888889
"413","3936-2",38.2056,-81.4211,5900.112,945224.545,1603.033,99.06,5.97408,96.3168,292.038888888889
"414","3938-11",38.9669,-81.9231,6951.115,891062.508,1554.638,182.88,6.5532,89.0016,307.594444444444
"415","3938-21",38.9669,-81.9231,6330.346,808971.522,1394.655,182.88,6.5532,89.0016,307.594444444444
"416","3938-31",38.9669,-81.9231,5199.919,651370.516,1118.029,182.88,6.5532,89.0016,307.594444444444
"417","3938-41",38.9669,-81.9231,5207.534,666619.278,1138.59,182.88,6.5532,89.0016,307.594444444444
"418","3943-1",39.7107,-79.9275,45827.311,3821434.515,4847.041,167.64,7.5438,38.4048,287.372222222222
"419","3943-2",39.7107,-79.9275,36993.206,2907862.33,4241.962,167.64,7.5438,38.4048,287.372222222222
"420","3944-1",39.3844,-80.3325,1354.919,3755911.449,5689.199,305.1048,7.9248,45.72,285.927777777778
"421","3944-2",39.3844,-80.3325,1719.997,4662549.011,7233.1,305.1048,7.9248,45.72,285.927777777778
"422","3944-3",39.3844,-80.3325,1690.577,4542974.159,6443.341,305.1048,7.9248,45.72,285.927777777778
"423","3947-1",39.8464,-80.8189,13732.229,1203423.102,3801.036,274.32,7.0104,94.488,309.816666666667
"424","3947-2",39.8464,-80.8189,14527.79,1268583.631,3902.073,274.32,7.0104,94.488,309.816666666667
"425","3948-1",39.8297,-80.8153,31510.664,3850929.917,12052.674,304.8,10.287,39.0144,282.538888888889
"426","3948-2",39.8297,-80.8153,22254.453,2748915.408,7973.771,304.8,10.287,39.0144,282.538888888889
"427","3954-1",39.2014,-79.2667,1226.582,4274298.249,7484.951,226.4664,8.8392,35.052,308.594444444444
"428","3954-2",39.2014,-79.2667,1082.97,3666592.151,6067.67,226.4664,8.8392,35.052,308.594444444444
"429","3954-3",39.2014,-79.2667,1161.879,4106664.475,9003.236,176.4792,6.4008,35.052,304.816666666667
"430","3982-5",46.5869,-90.9017,641.971,176025.025,795.467,59.436,1.8598896,91.44,291.17
"431","4041-5",42.8457,-87.8294,3213.298,1653217.376,1289.164,112.1664,8.10006,41.148,287.597222222222
"432","4041-6",42.8457,-87.8294,2665.817,1374607.463,1104.016,112.1664,8.10006,41.148,287.597222222222
"433","4041-7",42.8457,-87.8294,3700.408,1874817.478,1196.071,112.1664,8.10006,41.7576,288.144444444444
"434","4041-8",42.8457,-87.8294,3323.078,1684402.991,1048.707,112.1664,8.10006,41.7576,288.144444444444
"435","4042-1",43.0303,-87.9233,2195.595,559093.153,1007.144,121.92,3.3500568,85.344,288.235555555556
"436","4042-2",43.0303,-87.9233,2243.806,569920.907,1027.817,121.92,3.3500568,85.344,288.235555555556
"437","4042-3",43.0303,-87.9233,2055.86,510242.397,949.778,121.92,3.3500568,85.344,286.922777777778
"438","4042-4",43.0303,-87.9233,1987.357,490210.812,905.523,121.92,3.3500568,85.344,286.922777777778
"439","4050-4",43.715,-87.7094,7379.313,2222935.377,2779.772,167.60952,5.180076,90.5256,296.674444444444
"440","4050-5",43.715,-87.7094,7740.884,2266066.444,2282.385,167.60952,5.180076,82.9056,308.394444444444
"441","4054-1",42.7225,-91.0085,7389.896,844714.499,1510.246,107.8992,3.9599616,92.964,288.709444444444
"442","4054-2",42.7225,-91.0085,7608.865,870407.026,1518.535,107.8992,3.9599616,92.964,288.709444444444
"443","4072-5",44.5397,-88.0083,1581.973,416176.654,1940.059,114.9096,4.5698664,81.0768,270.701111111111
"444","4072-6",44.5397,-88.0083,2165.7,510496.866,2453.699,114.9096,4.5698664,81.0768,270.701111111111
"445","4072-7",44.5397,-88.0083,2593.193,700609.155,1422.299,114.9096,3.3500568,97.536,277.426666666667
"446","4072-8",44.5397,-88.0083,4308.053,1176257.727,1911.857,114.9096,4.7500032,102.108,271.156666666667
"447","4078-1",44.8606,-89.6553,1527.614,543749.731,2171.093,74.0664,3.6298632,104.2416,277.554444444444
"448","4078-2",44.8606,-89.6553,2459.51,875325.161,1582.977,73.94448,3.6298632,102.108,283.915555555556
"449","4078-3",44.8606,-89.6553,9540.134,3276623.789,4384.991,151.24176,4.879848,100.2792,314.81
"450","4140-B4",44.3085,-91.9106,4919.114,621153.406,2344.63,213.36,5.180076,113.6904,296.273333333333
"451","4140-B5",44.3085,-91.9106,6897.642,872064.914,3309.784,213.36,5.180076,113.6904,296.273333333333
"452","4143-1",43.5592,-91.2333,26143.994,4538502.3,7495.034,152.4,4.6101,95.4024,306.006666666667
"453","4146-B1",42.7083,-90.9853,387.758,40367.285,77.86,62.484,2.439924,99.06,294.87
"454","4146-B2",42.7083,-90.9853,485.364,50921.135,97.218,62.484,2.439924,99.06,294.87
"455","4158-BW41",42.8378,-105.7769,3287.734,1012525.834,2245.446,152.4,3.3528,89.3064,307.038888888889
"456","4158-BW42",42.8378,-105.7769,3395.382,1033645.217,2289.593,152.4,3.3528,93.5736,307.594444444444
"457","4158-BW43",42.8378,-105.7769,7685.206,1884524.763,4602.594,152.4,4.572,103.9368,315.927777777778
"458","4158-BW44",42.8378,-105.7769,5382.371,3199926.438,5583.538,76.2,7.0104,38.7096,270.927777777778
"459","4162-1",41.7572,-110.5986,7661.807,1490223.49,4188.206,144.99336,4.879848,37.1856,288.361111111111
"460","4162-2",41.7572,-110.5986,9464.314,1823774.986,4988.054,144.99336,5.489448,37.1856,289.094444444444
"461","4162-3",41.7572,-110.5986,6103.152,2763191.209,5559.961,144.99336,8.080248,36.576,292.188888888889
"462","4259-1",42.0317,-84.755,1541.832,648613.184,707.74,76.2,2.86512,40.2336,281.038888888889
"463","4271-B1",44.3026,-91.9126,7763.584,2813260.15,4601.358,213.36,5.3300376,96.012,301.868888888889
"464","469-3",39.8034,-104.9458,872.021,1426100.932,2379.766,91.44,5.9436,81.3816,270.761111111111
"465","469-4",39.8034,-104.9458,2220.559,3506882.691,5186.27,121.92,6.7056,81.3816,280.761111111111
"466","47-1",34.7439,-87.8486,6007.934,1376675.435,2979.348,183.4896,7.98576,93.2688,305.816666666667
"467","47-2",34.7439,-87.8486,5915.723,1368185.55,2913.724,183.4896,7.98576,93.2688,305.816666666667
"468","47-3",34.7439,-87.8486,6784.288,1551246.809,3393.569,183.4896,7.98576,93.2688,305.816666666667
"469","47-4",34.7439,-87.8486,6866.238,1568562.874,3379.058,183.4896,7.98576,93.2688,305.816666666667
"470","47-5",34.7439,-87.8486,13364.441,2997326.15,3656.734,152.4,7.22376,89.0016,297.538888888889
"471","470-1",38.2081,-104.5747,6613.043,2628704.34,4057.856,152.4,7.485888,48.768,279.983333333333
"472","470-2",38.2081,-104.5747,6829.556,2614086.823,3913.404,152.4,7.28472,48.768,279.983333333333
"473","477-5",40.0195,-105.202,1526.765,2844894.2,4363.565,76.2,8.5344,79.8576,264.816666666667
"474","492-5",38.8244,-104.8331,1340.31,374834.4,768.194,60.96,3.23088,97.536,285.372222222222
"475","492-6",38.8244,-104.8331,2929.995,759938.9,1408.183,60.96,3.84048,97.536,285.372222222222
"476","492-7",38.8244,-104.8331,4893.997,1291527.2,2767.893,76.2,4.572,94.488,288.816666666667
"477","4941-1",36.9047,-111.3886,1191.517,6091527.167,10594.129,236.22,7.464552,37.1856,314.261111111111
"478","4941-2",36.9047,-111.3886,1124.633,6943991.167,12673.946,236.22,7.464552,37.1856,314.261111111111
"479","4941-3",36.9047,-111.3886,1627.762,6641722.517,9953.181,236.22,7.464552,37.1856,314.261111111111
"480","50-1",34.8825,-85.7547,3692.087,820071.449,1809.716,304.8,8.2296,84.4296,323.844444444444
"481","50-2",34.8825,-85.7547,3614.008,801791.52,1754.9,304.8,8.2296,84.4296,323.844444444444
"482","50-3",34.8825,-85.7547,3489.856,771588.688,1702.574,304.8,8.2296,84.4296,323.844444444444
"483","50-4",34.8825,-85.7547,4000.177,886389.665,1947.293,304.8,8.2296,84.4296,323.844444444444
"484","50-5",34.8825,-85.7547,3727.44,828666.695,1825.813,304.8,8.2296,84.4296,323.844444444444
"485","50-6",34.8825,-85.7547,3809.744,851354.527,1879.752,304.8,8.2296,84.4296,323.844444444444
"486","50-7",34.8825,-85.7547,6886.928,2520154.325,2842.215,152.4,6.33984,53.34,307.538888888889
"487","50-8",34.8825,-85.7547,5160.043,3530098.575,4392.105,152.4,7.37616,54.864,294.761111111111
"488","50202-1",43.0804,-79.0082,979.914,473566.79,387.198,67.056,2.4384,21.9456,288.094444444444
"489","51-1",32.0306,-93.5692,23748.403,6063485.669,13109.984,160.02,7.62,49.6824,301.483333333333
"490","52007-1",36.6009,-78.53,356.821,547586.35,700.546,83.82,3.81,48.768,290.594444444444
"491","52007-2",36.6009,-78.53,299.689,505998.325,673.501,83.82,3.81,48.768,290.594444444444
"492","525-H1",40.4856,-107.185,2491.495,3798964.96,7842.105,76.2,6.7056,51.816,274.816666666667
"493","525-H2",40.4856,-107.185,3041.797,4748466.576,7598.619,120.396,7.3152,89.0016,274.816666666667
"494","527-1",38.2387,-108.5083,1401.537,957535.756,1921.718,65.532,3.6576,78.0288,297.927777777778
"495","55076-AA001",33.3761,-89.2183,987.839,2077612.65,1079.948,106.68,7.4676,78.3336,288.038888888889
"496","55076-AA002",33.3761,-89.2183,929.738,2038129.25,1125.844,106.68,7.4676,78.3336,288.038888888889
"497","56-1",31.4858,-87.9106,3726.665,722754.3,1401.348,126.492,5.54736,39.0144,290.372222222222
"498","56-2",31.4858,-87.9106,4785.571,1930694.4,4561.629,126.492,5.54736,39.0144,290.372222222222
"499","56-3",31.4858,-87.9106,7084.543,2054241.4,4669.896,121.6152,5.0292,39.624,271.261111111111
"500","564-1",28.4836,-81.1686,6058.918,3742345.092,7532.806,167.64,5.7912,38.7096,301.761111111111
"501","564-2",28.4836,-81.1686,2778.939,3376106.487,2692.028,167.64,5.7912,37.7952,298.15
"502","568-BHB3",41.1706,-73.1843,2764.94,3102333.469,1981.212,151.7904,4.2672,88.392,326.047666666667
"503","59-1",40.8538,-98.3481,2476.359,861549.4,1362.49,125.5776,3.660648,76.2,255.380555555556
"504","593-3",39.7372,-75.5033,2447.094,517710.85,717.879,67.056,4.1148,79.5528,282.15
"505","593-4",39.7372,-75.5033,4747.203,948575.4,1191.124,67.056,4.1148,86.868,295.705555555556
"506","594-4",38.5857,-75.2341,8792.029,2018422.675,3639.855,121.92,7.3152,105.156,287.65
"507","60-1",40.5806,-98.3106,2563.366,709713.542,1103.218,76.2,2.9718,88.392,256.020333333333
"508","6002-1",33.6319,-87.0597,13166.905,5672605.55,5035.68,215.4936,7.62,84.1248,296.483333333333
"509","6002-2",33.6319,-87.0597,13643.499,6030572.225,4966.218,215.4936,7.62,85.344,296.483333333333
"510","6002-3",33.6319,-87.0597,12158.171,5517923.525,5279.238,213.36,7.62,84.4296,292.665734805379
"511","6002-4",33.6319,-87.0597,11829.417,5288365.525,4929.733,213.36,7.62,97.2312,301.316666666667
"512","6004-1",39.3668,-81.2944,24838.397,4672257.271,5229.954,195.072,8.8392,45.72,280.594444444444
"513","6004-2",39.3668,-81.2944,22365.061,4110673.97,4560.767,195.072,8.8392,45.72,280.594444444444
"514","6009-1",34.4236,-92.1392,17394.105,5406041.012,8267.957,304.8,7.83336,97.8408,305.372222222222
"515","6009-2",34.4236,-92.1392,17495.756,5538427.451,7994.743,304.8,7.83336,97.8408,305.372222222222
"516","6016-1",40.4663,-89.9841,5133.652,1759193.176,2079.724,179.2224,6.6294,41.148,286.923423218352
"517","6017-1",38.9361,-88.2778,10460.837,4176405.225,2499.894,152.0952,9.144,42.0624,277.725502555634
"518","6017-2",38.9361,-88.2778,10588.784,4160970.4,2549.813,152.0952,9.144,42.0624,277.725502555634
"519","6018-2",38.9031,-84.8511,3666.679,3665437.1,3952.203,198.12,7.1628,45.4152,317.261111111111
"520","6019-1",38.8689,-84.2286,22379.548,8963966.225,15152.994,174.6504,12.8016,39.624,281.450122124811
"521","602-1",39.1792,-76.5383,18876.476,3639544.15,4346.727,121.92,9.6012,38.4048,286.483333333333
"522","602-2",39.1792,-76.5383,22822.111,4495395.025,7378.162,121.92,9.6012,38.4048,286.483333333333
"523","6021-C1",40.4627,-107.5912,1057.377,4271224.135,5823.506,182.88,7.62,33.528,279.538888888889
"524","6021-C2",40.4627,-107.5912,1008.272,4044673.144,5415.576,182.88,7.62,33.2232,281.372222222222
"525","6021-C3",40.4627,-107.5912,2010.177,3272837.408,6467.593,182.88,7.62,51.2064,280.705555555556
"526","6030-1",47.3761,-101.1567,13149.52,5232335.493,5594.025,205.74,8.0772,70.104,302.362944444444
"527","6030-2",47.3761,-101.1567,14240.294,5481116.287,6083.683,199.0344,8.8392,54.2544,296.390722222222
"528","6031-2",38.6903,-83.4803,35696.232,6644477.343,11654.716,274.32,8.8392,36.8808,285.975737061918
"529","6034-1",42.7748,-82.4945,12676.007,4471994.416,4360.331,202.692,7.7724,88.392,305.427777777778
"530","6034-2",42.7748,-82.4945,11810.001,4155153.813,3794.842,202.692,7.7724,88.392,305.427777777778
"531","6041-1",38.7,-83.8175,20677.489,2143162.15,3500.984,245.364,4.572,92.6592,314.872222222222
"532","6041-2",38.7,-83.8175,19656.642,3806348.95,3972.387,245.364,4.572,92.6592,314.872222222222
"533","6041-3",38.7,-83.8175,1352.739,1286351.95,2615.508,198.12,4.572,42.672,288.555555555556
"534","6052-1",33.4124,-85.0345,46255.682,5885835.9,6313.44,304.8,7.62,96.012,292.594444444444
"535","6052-2",33.4124,-85.0345,55285.84,6894053.65,8191.047,205.74,10.3632,40.5384,287.594444444444
"536","6055-2B1",30.7261,-91.3669,14116.963,4592509.875,5243.856,182.88,8.0772,92.964,288.705555555556
"537","6055-2B2",30.7261,-91.3669,14206.153,4630203.625,4541.987,182.88,8.0772,92.964,288.705555555556
"538","6055-2B3",30.7261,-91.3669,14004.878,4467654.875,3445.325,182.88,8.0772,92.964,288.705555555556
"539","6061-1",31.2194,-89.3933,5741.688,1495073.68,3434.699,124.3584,5.12064,71.628,289.816666666667
"540","6061-2",31.2194,-89.3933,5718.538,1560705.829,3598.702,124.3584,5.12064,71.628,289.816666666667
"541","6064-N1",39.1714,-94.6958,7241.996,1936160.055,4137.378,121.92,6.096,92.964,288.705555555556
"542","6065-1",39.4472,-94.98,19217.223,5411748.5,8347.964,187.452,8.659368,40.2336,285.8
"543","6068-1",39.2825,-96.1153,23743.632,6134840.887,10977.509,182.88,7.9248,91.44,304.261111111111
"544","6068-2",39.2825,-96.1153,25524.842,6537550.275,10714.796,182.88,7.9248,91.44,304.261111111111
"545","6068-3",39.2825,-96.1153,20295.305,5451198.394,10882.168,182.88,7.9248,91.44,304.261111111111
"546","6071-1",38.5847,-85.4117,5235.598,3585967.966,3380.888,231.648,5.4864,45.4152,338.15
"547","6073-1",30.5335,-88.5574,13806.812,3883706.275,5330.004,106.68,10.39368,84.7344,292.538888888889
"548","6073-2",30.5335,-88.5574,15223.601,4222024.3,5508.613,106.68,10.39368,84.7344,292.538888888889
"549","6076-1",45.8831,-106.614,5254.684,3034295.395,5144.601,152.4,5.0292,60.96,310.927777777778
"550","6076-2",45.8831,-106.614,4413.251,2623545.194,4677.712,152.4,5.0292,60.96,310.927777777778
"551","6076-3",45.8831,-106.614,2859.219,6597633.629,13443.229,210.9216,7.3152,64.008,316.483333333333
"552","6076-4",45.8831,-106.614,2982.341,6963567.745,13628.695,210.9216,7.3152,64.008,316.483333333333
"553","6077-1",41.0808,-101.1408,14001.017,5821187.525,13149.87,167.64,8.531352,94.488,256.113888888889
"554","6077-2",41.0808,-101.1408,14170.424,5476656.8,9433.781,167.64,8.531352,94.488,256.113888888889
"555","6082-1",43.3561,-78.6039,3130.641,4925296.425,3336.948,186.5376,0.70104,56.6928,291.483333333333
"556","6085-14",41.2175,-87.0239,12803.938,3180643.643,7195.179,152.4,6.4008,93.5736,305.594444444444
"557","6085-15",41.2175,-87.0239,10510.729,3313160.121,2834.628,152.4,6.4008,88.392,312.438888888889
"558","6085-17",41.2175,-87.0239,8902.071,3448974.554,3314.695,152.4,5.4864,48.768,298.372222222222
"559","6085-18",41.2175,-87.0239,8117.984,3236595.222,3455.734,152.4,5.4864,48.768,298.372222222222
"560","6089-B1",47.6788,-104.1569,1106.334,586335.102,1055.652,76.2,2.68224,48.768,290.372222222222
"561","6090-1",45.3792,-93.8958,7661.592,5672364.422,6860.145,198.12,9.906,52.1208,313.441070055319
"562","6090-2",45.3792,-93.8958,7312.927,5436665.178,6477.926,198.12,9.906,52.1208,313.441070055319
"563","6090-3",45.3792,-93.8958,7863.09,5548683.65,9353.805,198.12,7.9248,50.292,311.207652839022
"564","6094-1",40.6344,-80.42,8180.415,4639740.775,5609.701,289.56,5.85216,38.4048,297.113888888889
"565","6094-2",40.6344,-80.42,11752.706,6388591.1,9169.556,289.56,5.85216,38.4048,297.113888888889
"566","6094-3",40.6344,-80.42,13189.509,6261785.325,8673.697,182.88,5.85216,38.4048,297.113888888889
"567","6095-1",36.4537,-97.0527,10159.74,4244212.988,8431.63,152.4,6.096,80.4672,314.316666666667
"568","6095-2",36.4537,-97.0527,8390.642,3474974.396,5601.465,152.4,6.096,80.4672,314.316666666667
"569","6096-1",40.6215,-95.7765,17550.176,4966129.5,9994.527,213.36,7.190232,91.44,256.284222222222
"570","6098-1",45.3047,-96.5103,10642.903,3393363.641,13813.172,151.7904,7.34568,97.8408,282.094444444444
"571","6101-BW91",44.2886,-105.3847,7732.069,3370620.808,4946.277,121.92,6.096,51.816,296.483333333333
"572","6106-1SG",45.6933,-119.8056,12017.202,3997132.977,8353.505,22.43328,1.15824,126.7968,271.65
"573","6113-1",38.3722,-87.7661,35139.947,3586879.02,4059.067,152.4,9.7536,87.7824,308.15
"574","6113-2",38.3722,-87.7661,40372.378,4093777.39,5336.768,152.4,9.7536,87.7824,308.15
"575","6113-3",38.3722,-87.7661,49858.857,4738512.156,6980.161,152.4,9.7536,87.7824,308.15
"576","6113-4",38.3722,-87.7661,9105.452,4815723.11,7236.548,152.4,7.1628,44.196,294.261111111111
"577","6113-5",38.3722,-87.7661,19757.951,4511502.574,6671.218,152.4,7.1628,44.196,294.261111111111
"578","6124-1",32.3558,-81.1683,5340.866,1066976.475,2338.702,121.92,3.5052,93.5736,299.261111111111
"579","6136-1",30.6167,-96.0778,11736.177,3568073.793,2310.207,141.732,6.096,60.96,300.927777777778
"580","6137-1",37.9053,-87.715,5993.062,1895131.258,2589.861,151.4856,4.2672,39.624,305.511111111111
"581","6137-2",37.9053,-87.715,3045.473,1727903.833,2495.79,151.4856,4.2672,39.624,309.505555555556
"582","6138-1",36.2561,-94.5241,8227.252,3649665.225,4627.797,164.592,6.096,83.82,305.927777777778
"583","6139-1",33.0583,-94.844,10079.617,3912915.45,3247.572,91.44,5.1816,91.44,344.261111111111
"584","6139-2",33.0583,-94.844,8011.168,2964896.2,3109.852,91.44,5.1816,76.2,344.261111111111
"585","6139-3",33.0583,-94.844,10350.281,4022009.25,3768.704,91.44,5.1816,76.2,344.261111111111
"586","6146-1",32.2597,-94.5703,59119.97,14536477.438,11172.658,137.7696,7.0104,64.6176,305.038888888889
"587","6146-2",32.2597,-94.5703,47506.096,14741506.53,11080.216,137.7696,7.0104,62.7888,306.483333333333
"588","6146-3",32.2597,-94.5703,46635.724,13908254.972,10144.924,137.7696,7.0104,66.4464,306.483333333333
"589","6147-1",33.0917,-95.0417,53411.166,9788542.534,6936.49,121.92,6.5532,108.5088,300.372222222222
"590","6147-2",33.0917,-95.0417,59159.446,11032407.752,7463.584,121.92,6.5532,108.5088,300.372222222222
"591","6147-3",33.0917,-95.0417,46825.066,14162132.886,13872.918,140.208,2.4384,54.2544,303.705555555556
"592","6155-1",38.1306,-90.2625,14070.15,4281641.45,1971.052,213.36,6.3136272,82.296,300.927777777778
"593","6155-2",38.1306,-90.2625,14314.999,4406706.575,2098.326,213.36,8.8392,82.296,300.927777777778
"594","6165-1",39.1747,-111.0289,2548.422,3442710.961,6063.191,182.88,7.3152,35.3568,279.872222222222
"595","6165-2",39.1747,-111.0289,2485.33,3598504.83,6093.203,182.88,7.3152,35.3568,280.038888888889
"596","6165-3",39.1747,-111.0289,1243.029,3441837.961,6082.076,182.88,7.3152,35.9664,281.038888888889
"597","6166-MB1",37.9256,-87.0372,31946.573,8237554.632,10019.062,316.3824,12.954,95.7072,316.577777777778
"598","6166-MB2",37.9256,-87.0372,35258.597,9184761.218,11103.265,316.3824,12.954,95.7072,316.577777777778
"599","6170-1",42.5381,-87.9033,29719.458,8869267.347,10916.11,137.19048,9.1400376,41.148,279.249444444444
"600","6170-2",42.5381,-87.9033,34992.979,10413294.453,10820.17,137.19048,9.1400376,41.148,279.249444444444
"601","6177-U1B",34.5778,-109.2717,5473.317,3502811.863,7373.534,121.92,7.4676,39.624,286.538888888889
"602","6177-U2B",34.5778,-109.2717,5003.111,3174190.034,6774.392,121.92,7.4676,39.624,287.816666666667
"603","6178-1",28.7128,-97.2142,14394.999,5266526.225,3869.961,92.3544,6.096,91.44,303.705555555556
"604","6179-1",29.9172,-96.7506,13614.067,4354011.05,2149.727,160.02,10.3632,41.4528,285.927777777778
"605","6179-2",29.9172,-96.7506,14034.352,4535141.125,2178.021,160.02,10.3632,41.4528,285.927777777778
"606","6179-3",29.9172,-96.7506,1553.672,3093234.25,2504.127,163.068,7.8486,76.2,304.261111111111
"607","6181-1",29.3072,-98.3228,10800.424,3537276.746,2266.428,213.36,7.9248,83.82,310.594444444444
"608","6181-2",29.3072,-98.3228,11073.574,3645551.179,2336.73,213.36,7.9248,83.82,310.594444444444
"609","6183-SM-1",28.7044,-98.4781,12473.128,3831531.5,3674.926,137.16,6.096,48.768,299.816666666667
"610","6190-2",31.395,-92.7167,14100.765,4111586.11,8006.148,76.2,5.4864,93.5736,321.483333333333
"611","6193-061B",35.2972,-101.7475,7377.411,2934679.131,4293.757,28.0416,0.268224,25.908,285.927777777778
"612","6193-062B",35.2972,-101.7475,6943.611,2812124.876,4232.211,28.0416,0.268224,25.908,285.927777777778
"613","6193-063B",35.2972,-101.7475,8202.71,3162872.345,5058.546,28.0416,0.268224,25.908,285.927777777778
"614","6194-171B",34.1847,-102.5686,12109.037,4400519.413,6367.643,83.2104,6.858,76.2,305.372222222222
"615","6194-172B",34.1847,-102.5686,8226.893,3137963.115,4685.684,121.92,6.858,76.2,299.816666666667
"616","6195-1",37.1519,-93.3892,3208.009,1614191.875,2685.279,117.348,3.6576,89.916,298.9
"617","6204-1",42.1103,-104.8828,4475.547,5267060.675,6922.188,182.88,9.54024,42.672,288.705555555556
"618","6204-2",42.1103,-104.8828,4479.573,5404953.375,7019.175,182.88,9.54024,42.672,288.705555555556
"619","6204-3",42.1103,-104.8828,4142.664,4665797.975,6009.747,182.88,8.65632,51.816,290.205555555556
"620","6213-1SG1",39.0694,-87.5108,9778.152,3510822.225,5095.586,214.5792,5.7912,39.624,312.594444444444
"621","6213-2SG1",39.0694,-87.5108,11040.657,3942703.177,4947.516,214.5792,5.7912,39.624,312.594444444444
"622","6248-1",40.2217,-103.6803,11248.07,3532021.531,3668.078,167.64,11.024616,73.152,288.705555555556
"623","6249-1",33.3303,-79.3611,38577.992,3806840.747,1476.067,123.1392,6.096,38.1,284.15
"624","6249-2",33.3303,-79.3611,18790.466,3940589.08,1568.85,123.1392,6.096,38.1,284.15
"625","6249-3",33.3303,-79.3611,8271.98,4527262.271,4869.767,123.1392,4.8768,49.0728,297.094444444444
"626","6249-4",33.3303,-79.3611,8089.211,4431065.26,5808.216,123.1392,4.8768,49.0728,297.094444444444
"627","6254-1",41.0961,-92.5556,11977.097,3855162.65,6520.407,182.88,7.62,61.8744,305.585957650389
"628","6257-1",33.0583,-83.8072,22384.075,6855742.575,4924.786,304.8,8.2296,84.7344,297.594444444444
"629","6257-2",33.0583,-83.8072,19763.23,6165432.925,4582.05,265.176,14.66088,40.5384,287.038888888889
"630","6257-3",33.0583,-83.8072,22427.964,7063019.75,4485.201,258.1656,10.3632,40.5384,287.038888888889
"631","6257-4",33.0583,-83.8072,18320.297,5956598.2,4163.509,304.8,8.2296,79.8576,299.261111111111
"632","6264-1",38.9794,-81.9344,42981.911,9526714.675,12746.35,304.8,12.954,39.3192,282.927777777778
"633","628-1",28.9594,-82.7003,20902.839,2481620.225,4687.475,152.0952,4.572,88.6968,329.15
"634","628-2",28.9594,-82.7003,22699.609,2761003.475,5309.664,153.0096,4.8768,91.44,344.316666666667
"635","628-4",28.9594,-82.7003,29227.527,5904442.95,13972.503,167.64,9.2964,39.624,283.316666666667
"636","628-5",28.9594,-82.7003,29823.208,6202741.1,14784.585,167.64,9.2964,39.624,283.316666666667
"637","641-4",30.5661,-87.2289,3089.914,604453.7,1054.092,149.352,10.668,39.9288,286.983333333333
"638","641-5",30.5661,-87.2289,2885.741,575165.325,969.813,149.352,10.668,39.9288,286.983333333333
"639","641-6",30.5661,-87.2289,10816.383,1952639.075,4459.051,149.352,10.668,39.9288,286.983333333333
"640","641-7",30.5661,-87.2289,12318.133,2507755.125,1736.272,149.352,10.668,39.9288,286.983333333333
"641","642-1",30.6689,-84.8869,2348.806,236942.875,584.846,45.72,4.1148,100.584,277.594444444444
"642","642-2",30.6689,-84.8869,2516.741,254611.25,749.004,45.72,4.1148,100.584,277.594444444444
"643","643-1",30.2689,-85.7003,9754.358,1366168.55,3167.538,60.6552,5.4864,79.248,312.427777777778
"644","643-2",30.2689,-85.7003,8758.774,1316398.225,2416.139,60.6552,5.4864,79.248,312.427777777778
"645","645-BB01",27.7944,-82.4036,2827.494,2389003.597,7441.397,149.352,7.3152,89.6112,319.761111111111
"646","645-BB02",27.7944,-82.4036,2674.145,2460770.68,7753.565,149.352,7.3152,38.1,304.038888888889
"647","645-BB03",27.7944,-82.4036,2673.979,2088895.724,5567.78,149.352,7.3152,93.8784,283.816666666667
"648","645-BB04",27.7944,-82.4036,3192.358,3114604.976,3092.37,149.352,7.3152,38.7096,288.427777777778
"649","6469-B1",47.3714,-101.8344,5911.115,3606684.811,5749.262,182.88,7.8574392,91.44,262.471833629408
"650","6469-B2",47.3714,-101.8344,7162.93,4344999.106,6825.479,182.88,7.8574392,91.44,262.471833629408
"651","6481-1SGA",39.5108,-112.5792,1773.289,7247917,12954.234,217.17,8.5344,38.1,286.705555555556
"652","6481-2SGA",39.5108,-112.5792,1821.211,7934665.975,12120.938,217.17,8.5344,40.5384,286.15
"653","663-B2",29.7586,-82.3883,8042.883,1604372.425,3932.455,106.68,5.6388,83.82,283.15
"654","6639-G1",37.6467,-87.5006,2868.772,4269008.4,6082.236,106.68,4.572,39.3192,295.483333333333
"655","6639-G2",37.6467,-87.5006,1691.608,3895799.55,5300.806,106.68,4.572,39.3192,302.761111111111
"656","6641-1",35.6733,-91.4083,11006.131,5738621.396,6577.704,304.8,7.83336,97.8408,305.372222222222
"657","6641-2",35.6733,-91.4083,11357.126,5765793.872,6593.357,304.8,7.83336,97.8408,305.372222222222
"658","6648-4",30.5642,-97.0639,25969.463,5275319.533,4775.704,121.92,6.5532,54.864,309.816666666667
"659","6664-101",41.3153,-91.0936,12326.152,4200141.925,4610.747,185.928,9.144,54.864,302.375119839585
"660","667-1A",30.4172,-81.5525,1441.461,2224008.787,731.798,150.876,4.572,43.8912,292.038888888889
"661","667-2A",30.4172,-81.5525,1573.165,2169441.317,671.811,150.876,4.572,43.8912,292.038888888889
"662","6705-1",37.915,-87.3328,17591.001,1309633.431,2289.444,115.824,4.1148,39.0144,287.722222222222
"663","6705-2",37.915,-87.3328,17404.306,1308597.821,2346.725,115.824,4.1148,39.0144,287.855555555556
"664","6705-3",37.915,-87.3328,15187.804,1175118.783,2148.486,115.824,4.1148,39.0144,288
"665","6705-4",37.915,-87.3328,32778.527,2785280.771,4094.632,152.4,5.7912,37.4904,292.972222222222
"666","676-3",28.0809,-81.9256,7728.46,2828956.725,6125.564,76.2,5.4864,50.9016,301.261111111111
"667","6761-101",40.8611,-105.0206,875.5,2337590.094,3729.069,153.924,5.334,60.96,291.483333333333
"668","6768-1",36.8791,-89.6209,7564.873,2582000.513,2687.145,137.16,4.572,85.344,258.355555555556
"669","6772-1",34.0158,-95.3206,10322.607,3497474.373,4056.217,152.4,7.9248,79.248,281.531666666667
"670","6823-W1",37.4497,-87.0803,11007.76,4182682.4,6330.159,182.88,10.3632,38.7096,269.205555555556
"671","7-1",34.0128,-85.9708,5451.431,401979.25,1239.703,91.44,4.572,104.5464,282.594444444444
"672","7-2",34.0128,-85.9708,4930.058,349455,1034.154,91.44,4.572,104.5464,282.594444444444
"673","703-1BLR",34.1256,-84.9192,39451.117,4645430.475,5344.415,205.74,9.4488,40.5384,287.594444444444
"674","703-2BLR",34.1256,-84.9192,48000.223,5749682.625,7153.17,205.74,9.4488,40.5384,287.594444444444
"675","703-3BLR",34.1256,-84.9192,48713.487,5686882.65,6597.392,205.74,10.3632,40.5384,287.594444444444
"676","703-4BLR",34.1256,-84.9192,50305.465,6074090.4,7151.07,205.74,10.3632,40.5384,287.594444444444
"677","7030-U1",31.0932,-96.6965,2932.398,1651540.225,1258.286,103.632,3.81,108.204,303.705555555556
"678","7030-U2",31.0932,-96.6965,2549.695,1391166.825,1017.456,103.632,3.81,108.204,303.705555555556
"679","708-1",34.2533,-85.3456,5033.383,595576.956,1171.167,205.74,10.0584,40.5384,283.705555555556
"680","708-2",34.2533,-85.3456,4723.903,567832.212,1120.39,205.74,10.0584,40.5384,283.705555555556
"681","708-3",34.2533,-85.3456,5389.139,641329.226,1268.578,228.6,6.4008,90.5256,287.038888888889
"682","708-4",34.2533,-85.3456,24401.837,2923969.975,3189.578,228.6,6.7056,95.7072,301.483333333333
"683","709-1",33.1942,-83.2994,15979.355,1681973.685,3960.557,304.8,6.858,76.2,300.927777777778
"684","709-3",33.1942,-83.2994,28372.101,2988468.6,5841.079,304.8,8.8392,79.248,298.15
"685","709-4",33.1942,-83.2994,29407.346,3091242.625,6003.918,304.8,8.8392,79.248,298.15
"686","7097-**1",29.3091,-98.3205,3766.405,4910550.425,4026.909,160.02,7.9248,83.82,288.705555555556
"687","7210-COP1",33.3642,-81.03,2293.158,3207574.837,4214.841,160.02,7.0104,46.0248,282.594444444444
"688","7213-1",36.8692,-78.7046,943.146,3532252.875,4737.275,135.9408,6.76656,37.1856,281.511111111111
"689","7213-2",36.8692,-78.7046,809.055,3315438.425,4654.12,135.9408,6.7818,37.1856,281.511111111111
"690","727-3",31.4444,-84.1322,7803.689,737146.05,2223.811,152.4,6.4008,91.44,273.15
"691","728-Y1BR",33.4622,-84.8986,428.619,548053.725,1090.847,78.0288,3.9624,38.4048,283.705555555556
"692","728-Y2BR",33.4622,-84.8986,6262.984,625227.217,1389.063,252.984,4.99872,79.248,295.372222222222
"693","728-Y3BR",33.4622,-84.8986,5165.247,513634.333,1140.731,252.984,4.99872,79.248,295.372222222222
"694","728-Y4BR",33.4622,-84.8986,8637.895,869790.058,1662.031,252.984,4.45008,86.868,312.038888888889
"695","728-Y5BR",33.4622,-84.8986,8151.576,824035.492,1548.494,252.984,4.45008,86.868,312.038888888889
"696","728-Y6BR",33.4622,-84.8986,19391.047,2023051.3,2824.249,245.364,4.99872,85.0392,302.038888888889
"697","728-Y7BR",33.4622,-84.8986,18481.561,1934301.275,2549.412,245.364,4.99872,85.0392,302.038888888889
"698","733-1",32.1486,-81.1458,1469.361,318316.787,785.557,83.82,6.7056,86.868,280.927777777778
"699","733-2",32.1486,-81.1458,1661.669,359903.206,888.141,83.82,6.7056,86.868,280.927777777778
"700","733-3",32.1486,-81.1458,3246.049,700314.648,1790.792,83.82,6.7056,86.868,280.927777777778
"701","7343-4",42.3022,-96.3622,14165.088,4316889.65,6769.33,142.9512,7.8486,54.864,301.945363788987
"702","7902-1",32.4607,-94.4852,11699.228,5925867.925,4815.344,160.02,7.62,45.72,302.594444444444
"703","8-10",33.6446,-87.2003,35668.691,4569703.1,5391.809,230.124,11.5824,94.1832,289.816666666667
"704","8-6",33.6446,-87.2003,10865.875,786319.093,1640.732,106.68,7.3152,106.0704,287.038888888889
"705","8-7",33.6446,-87.2003,11417.222,827367.231,1741.278,106.68,7.3152,106.0704,287.038888888889
"706","8-8",33.6446,-87.2003,13267.062,1142947.375,2106.228,230.124,11.5824,94.1832,289.816666666667
"707","8-9",33.6446,-87.2003,12840.662,1123285.125,2066.269,230.124,11.5824,94.1832,289.816666666667
"708","8023-1",43.4864,-89.4203,13728.56,4291222.975,3022.373,10.0584,0.2999232,33.528,255.427777777778
"709","8023-2",43.4864,-89.4203,12370.037,3780045.75,2828.874,10.0584,0.2999232,33.528,255.427777777778
"710","8042-1",36.2811,-80.0603,49096.38,7103758.496,10891.252,152.4,11.1252,36.576,285.927777777778
"711","8042-2",36.2811,-80.0603,47716.29,7115634.044,9528.047,152.4,11.1252,36.576,285.927777777778
"712","8066-BW71",41.7378,-108.7875,6700.784,4226731.284,8894.296,152.4,7.3152,34.7472,297.038888888889
"713","8066-BW72",41.7378,-108.7875,5100.571,3511125.628,4822.073,152.4,7.3152,34.7472,297.038888888889
"714","8066-BW73",41.7378,-108.7875,6382.988,4456692.568,9743.253,152.4,7.3152,34.7472,297.038888888889
"715","8066-BW74",41.7378,-108.7875,3466.358,4045225.861,8711.32,152.4,9.4488,28.6512,280.372222222222
"716","8069-1",39.3792,-111.0781,2223.348,3035699.596,4660.169,182.88,7.3152,33.528,278.761111111111
"717","8069-2",39.3792,-111.0781,15139.469,3336021.558,5507.009,182.88,7.3152,33.528,280.316666666667
"718","8102-1",38.9347,-82.1158,12968.435,8684680.75,18374.505,252.984,12.8016,37.1856,270.066784458535
"719","8102-2",38.9347,-82.1158,14997.59,10157474.55,20329.734,252.984,12.8016,38.1,269.909648421766
"720","8219-1",38.6306,-104.7056,3750.78,1707111.35,2168.165,140.208,5.334,91.7448,290.927777777778
"721","8222-B1",47.2217,-101.8139,13713.135,3844010.5,12259.594,151.7904,6.4008,67.056,312.020333333333
"722","8223-1",34.3186,-109.1636,5331.173,3365370.287,3163.096,152.4,6.096,52.7304,335.594444444444
"723","8223-2",34.3186,-109.1636,4548.638,2818912.648,2870.973,152.4,6.096,56.9976,347.770333333333
"724","8224-1",40.8831,-117.1542,7395.987,1948343.85,3798.214,153.89352,5.620512,86.868,278.784524913175
"725","8224-2",40.8831,-117.1542,2211.295,2440587.925,5582.477,137.22096,5.1816,61.8744,282.47232482852
"726","8226-1",40.5383,-79.7906,37320.097,2921151.856,3913.619,168.5544,8.2296,35.3568,284.705555555556
"727","856-1",40.5958,-89.6631,7993.439,943872.135,1470.628,153.3144,6.4008,98.1456,290.616249741227
"728","856-2",40.5958,-89.6631,14921.906,2211654.505,3192.659,153.3144,6.4008,98.1456,290.616249741227
"729","856-3",40.5958,-89.6631,19018.35,2718382.907,3367.78,153.3144,7.62,94.1832,280.359002123142
"730","87-1",35.4159,-108.082,1293.216,2057449.201,3797.137,137.16,6.096,38.1,283.15
"731","874-5",41.4931,-88.1153,4854.259,2119926.325,5418.557,137.16,4.1148,87.7824,304.235883094176
"732","876-1",39.5906,-89.4964,7608.408,3076836.546,5633.827,186.8424,9.02208,87.7824,304.281197473942
"733","876-2",39.5906,-89.4964,9838.04,3992023.879,8670.669,186.8424,9.02208,87.7824,304.281197473942
"734","883-7",42.3833,-87.8133,5035.676,2184494.95,1397.853,137.16,4.29768,91.44,304.259468286054
"735","883-8",42.3833,-87.8133,6046.13,2573843.225,1595.385,137.16,4.1148,85.0392,304.235883094176
"736","884-3",41.6334,-88.0626,4285.999,1572962.65,873.076,136.5504,4.535424,91.44,296.348994040461
"737","884-4",41.6334,-88.0626,7141.905,2569972.7,1690.807,152.4,5.0292,99.06,302.698343240681
"738","886-19",41.8508,-87.6533,4616.412,1722763.55,1125.628,137.16,4.2672,88.392,290.068205944798
"739","887-1",37.2103,-88.8606,4480.846,1494326.934,913.844,167.64,5.4864,94.488,302.698781159078
"740","887-2",37.2103,-88.8606,4532.545,1514240.591,926.254,167.64,5.4864,94.488,302.698781159078
"741","887-3",37.2103,-88.8606,4164.119,1425941.111,896.124,167.64,5.4864,94.488,302.698781159078
"742","887-4",37.2103,-88.8606,4468.67,1534198.514,970.515,167.64,5.4864,94.488,302.698781159078
"743","887-5",37.2103,-88.8606,4368.019,1521851.663,953.202,167.64,5.4864,94.488,302.698781159078
"744","887-6",37.2103,-88.8606,3948.855,1383616.987,864.073,167.64,5.4864,94.488,302.698781159078
"745","889-1",38.205,-89.855,6011.101,3434483.115,1106.929,184.404,5.9436,93.8784,304.259243602074
"746","889-2",38.205,-89.855,7947.371,4675926.872,1495.308,184.404,5.9436,92.3544,304.259243602074
"747","889-3",38.205,-89.855,10050.246,4844022.498,2271.642,184.404,5.9436,57.912,304.259243602074
"748","891-9",40.2797,-90.0775,7151.715,3519824.38,566.51,152.4,6.096,76.5048,300.223602264685
"749","892-1",41.3017,-89.3136,1039.94,515582.421,301.167,84.4296,4.401312,103.0224,304.247129194946
"750","892-2",41.3017,-89.3136,3563.95,1759963.427,1025.884,84.4296,4.401312,103.0224,304.247129194946
"751","898-4",38.8639,-90.1325,1573.42,701216.538,456.62,76.2,5.1816,105.7656,270.893363282618
"752","898-5",38.8639,-90.1325,5663.513,2512612.168,1910.905,106.68,4.572,99.06,291.475863018007
"753","963-31",39.7539,-89.6011,642.36,699139.184,2214.003,137.16,3.9624,106.68,304.22822376328
"754","963-32",39.7539,-89.6011,626.456,691040.94,2209.137,137.16,3.9624,106.68,304.22822376328
"755","963-33",39.7539,-89.6011,2366.141,1544267.625,2190.755,152.4,5.0292,39.624,258.188347965273
"756","964-7",39.7539,-89.6011,3080.177,108820.166,479.489,91.44,4.572,94.488,270.050736337186
"757","964-8",39.7539,-89.6011,4536.962,155223.458,716.874,91.44,4.572,94.488,270.050736337186
"758","976-123",37.6206,-88.955,3504.907,1391399.234,572.095,59.1312,3.29184,74.9808,277.649986408783
"759","976-4",37.6206,-88.955,3705.156,1481846.081,3902.03,121.92,4.572,38.1,283.029688605803
"760","983-1",38.7383,-85.4192,24169.338,2912257.624,6368.092,299.3136,9.500616,40.5384,283.572222222222
"761","983-2",38.7383,-85.4192,23266.812,2655180.57,5125.756,299.3136,9.500616,40.5384,283.572222222222
"762","983-3",38.7383,-85.4192,26352.452,3193024.044,7067.282,299.3136,9.500616,40.5384,283.572222222222
"763","983-4",38.7383,-85.4192,26247.288,3109891.862,9089.388,299.3136,9.500616,40.2336,283.572222222222
"764","983-5",38.7383,-85.4192,25346.484,3002682.562,8738.292,299.3136,9.500616,40.2336,283.572222222222
"765","983-6",38.7383,-85.4192,23935.076,2937590.248,8853.078,299.3136,9.500616,40.2336,283.572222222222
"766","988-U1",39.0831,-84.8581,4104.746,881798.116,1396.787,122.8344,7.1628,90.5256,285.372222222222
"767","988-U2",39.0831,-84.8581,4286.488,912671.628,1443.052,122.8344,7.1628,90.5256,285.372222222222
"768","988-U3",39.0831,-84.8581,5093.255,1072870.904,1780.949,122.8344,7.1628,90.5256,285.372222222222
"769","988-U4",39.0831,-84.8581,33049.228,2180134.925,3340.559,122.8344,7.1628,91.44,282.594444444444
"770","990-50",39.7119,-86.1975,9241.304,683269.675,1048.277,79.5528,1.9812,101.8032,375.372222222222
"771","990-60",39.7119,-86.1975,9883.918,738427.175,964.174,79.5528,1.9812,106.68,371.15
"772","990-70",39.7119,-86.1975,30221.678,2306763.825,2494.999,172.212,6.096,87.4776,298.094444444444
"773","991-3",39.4851,-86.4176,3010.108,276231.161,868.09,85.9536,4.572,103.632,279.472222222222
"774","991-4",39.4851,-86.4176,3933.204,362415.065,1044.547,85.9536,4.572,103.632,279.472222222222
"775","991-5",39.4851,-86.4176,3861.711,353924.857,608.148,85.9536,4.572,108.8136,292.311111111111
"776","991-6",39.4851,-86.4176,7005.532,641919.993,1012.018,85.9536,4.572,108.8136,292.311111111111
"777","994-1",38.5267,-87.2525,546.433,1801665.1,2355.764,168.2496,8.96112,88.392,264.316666666667
"778","994-2",38.5267,-87.2525,1424.225,3110364.95,3174.563,184.0992,6.096,92.964,289.427777777778
"779","994-3",38.5267,-87.2525,17832.088,4038203.975,4518.585,189.8904,6.7056,47.5488,302.372222222222
"780","994-4",38.5267,-87.2525,17850.15,4030024,5472.019,190.5,6.7056,47.8536,303.372222222222
"781","995-7",41.6433,-87.1225,2539.264,1100114.569,4075.654,146.304,6.2484,39.624,303.922222222222
"782","995-8",41.6433,-87.1225,2180.948,2248060.383,8253.657,146.304,6.2484,39.624,303.922222222222
"783","997-12",41.7203,-86.9097,16745.081,2991116.059,5068.963,153.924,6.4008,101.1936,307.427777777778
